x,y,z,channel,particle
39.06118804663095,27.028735973014278,50.345263594488934,0,0
16.097987968555824,59.81372261922468,60.331573196853526,0,0
-26.079640415920323,57.435487281938116,76.06561906629055,0,0
-49.17613100539755,21.169091745597985,73.02337200467946,0,0
-48.80154868806881,-18.626144456675252,57.9041590325132,0,0
-17.46441801773694,-48.35404160897022,51.49842780824763,0,0
22.435942442736888,-40.75726742646496,41.57911515729569,0,0
55.57836658765887,-11.527112124554167,39.36447931298265,0,0
48.10697479019166,18.907390897239072,51.44144873214235,0,0
28.587943302780197,56.16135227167962,61.86426069192721,0,0
-14.800151148941818,64.86034112687268,76.64888929292104,0,0
-46.2277101675566,31.96698130336735,80.27898500843918,0,0
-53.849413413259875,-9.525115685203478,66.5101346573687,0,0
-32.02092506837627,-49.4393811233844,57.70173637847632,0,0
11.089978861524655,-44.6817543398253,47.08346223243,0,0
52.33547711416482,-25.869210257471334,41.11227666699449,0,0
51.374106998463645,-16.08448065856662,13.677028821143534,0,0
56.328524727439884,27.16103445946885,16.8036241573014,0,0
23.711008379215727,53.806765111110174,10.155916060904676,0,0
-16.032354897847334,59.972897294679825,1.7742635826710451,0,0
-53.37627580875755,36.78379553649516,1.7215310155445729,0,0
-51.73711277721345,-6.228422014509976,-6.285984859269858,0,0
-22.284534371074475,-35.21769197174581,-3.2088340945240774,0,0
18.289735864724538,-39.60132078212981,3.2821684627942163,0,0
62.07105224738499,-8.416897413194206,13.571976127367407,0,0
51.85262111263118,36.377124028114935,12.651378659281058,0,0
14.423882872714684,57.26930369808577,3.2184891368749127,0,0
-28.852719219961955,59.57073520984546,-2.1635499642663514,0,0
-62.05040213216595,26.9387787810471,-4.723815084495836,0,0
-47.01774709073931,-16.314150933546024,-10.211022783009586,0,0
-11.198850248608611,-40.07206791778078,-7.402156547205703,0,0
31.369102560454483,-40.04126679113922,1.71415142117691,0,0
49.897683387553265,28.59597756252565,50.15461978063747,0,1
15.156714599913489,54.2267368251332,41.899140162936504,0,1
-29.916507610661768,54.30631048064704,37.606015878222436,0,1
-58.13907905367098,20.873751904372224,48.48174281705878,0,1
-56.45242176869019,-22.957818531425946,61.605886707492076,0,1
-16.24194175289328,-41.475321059139034,68.705347350475,0,1
27.201445710333978,-49.20270649224092,64.0395950860843,0,1
58.19731831602556,-14.530839380759234,60.73816114154761,0,1
59.087091217494496,19.72255508499632,56.8988746353816,0,1
25.79660970961863,49.48090243174226,46.81815037610517,0,1
-18.913734652961775,62.36488353689447,41.246748569454866,0,1
-57.8246349462216,35.79315041121714,47.17685113694738,0,1
-66.65073033678425,-9.99167190345572,61.005787979881475,0,1
-27.192303664715265,-34.90804681132495,71.53107823251501,0,1
15.479328843361605,-49.89933486843466,68.98554090159965,0,1
59.22875731160507,-28.102069329557533,67.1355759758795,0,1
61.005938495466175,-29.005872203937628,3.3133567560626807,0,1
66.0603117084664,17.508135778154603,8.618349127203544,0,1
32.9674947862891,49.94739950946186,13.85338180389081,0,1
-12.673979981924736,55.91487621397788,11.131645548503446,0,1
-47.95652348576913,25.451749926691427,7.247137499688185,0,1
-52.62959936523383,-20.75277627167719,5.929364426315407,0,1
-21.84060664712996,-56.06687682160335,2.4537075769552645,0,1
24.439165684944793,-56.97596843801384,1.961480377720731,0,1
69.52146687154477,-17.929198545542846,-1.8083944360991095,0,1
64.98394503823398,30.53491948397441,6.680875285374686,0,1
23.930475972426944,57.018470861798754,9.444142863917332,0,1
-24.425388350335513,55.26194703253527,6.715705109195541,0,1
-53.78502838466729,15.638610576658996,3.0879378746457906,0,1
-48.30246249558864,-33.01659508625929,2.1706382495002603,0,1
-8.781456745255422,-61.63715328625524,-3.3374631659237872,0,1
39.77307121939351,-56.6872063351145,-0.7501070034131327,0,1
46.18837099710385,24.494828460419324,56.200980147580104,0,2
14.990078810481435,56.937902206528236,48.72807705854607,0,2
-31.7284665802166,56.89126701196568,43.25997464175777,0,2
-61.67477420514321,19.71230146331061,39.62569902258919,0,2
-50.3010515254749,-24.950597158111925,47.64873019976571,0,2
-18.767292454848217,-52.71563655934701,67.0331995567668,0,2
27.830930871644412,-56.68151013154981,72.90636740832512,0,2
57.41697937180025,-18.825175480356368,66.83629610729308,0,2
52.53059773785033,13.843510933769327,62.92505176080053,0,2
26.156504817314783,52.505320948270395,55.08707513297384,0,2
-20.689719666156858,62.015575954154905,47.52216636664348,0,2
-61.535532892822815,33.830349774975645,42.32025706098658,0,2
-59.37078488144562,-15.166261853314069,47.16095675076542,0,2
-32.702502994014246,-50.58375881055691,65.68257734843195,0,2
13.21543713014041,-62.553743760141124,76.18543234510668,0,2
54.23425017338848,-33.72101197355091,73.02313937228244,0,2
59.74130635788328,-26.30019092031167,7.168320451118229,0,2
64.27070314241436,16.46607806686383,-13.638115856575263,0,2
29.947714406390496,48.31891661391118,-14.2114503549082,0,2
-15.028972471502945,57.377833791400185,-9.310730900333928,0,2
-49.73234431268073,27.055767935213396,-1.5134762756145084,0,2
-56.01427104704143,-18.342889385416818,8.84838380283529,0,2
-20.52128446616936,-45.94071687521532,23.872098427651448,0,2
24.78903616746823,-53.51079765062197,22.174430948726314,0,2
68.89983629606417,-19.872996523638776,-3.860443447703059,0,2
58.97343557962669,25.890559862895287,-19.54900604478243,0,2
19.5100288774167,53.576412009540675,-17.199662102838232,0,2
-29.239012196432032,54.578237956313934,-12.232701123764803,0,2
-57.178114061816366,15.636044228295617,-2.3683589051488885,0,2
-53.56030035689496,-31.93133374754946,10.500457581229018,0,2
-9.099132521513594,-51.171070683976126,21.468712466553686,0,2
38.11773545098936,-54.42537942557988,16.74046365210745,0,2
43.679585887742604,22.455105848043882,46.52286920996478,0,3
8.130789380317855,44.685093819241956,53.994532956308824,0,3
-34.34749095965655,49.33891488261093,60.39563050528859,0,3
-64.38557797151535,16.83000599244063,66.16676777095822,0,3
-54.766578560893485,-25.366032347513936,59.848575278549006,0,3
-20.97876077038992,-50.478238853931714,55.31289407350344,0,3
21.870584751968135,-51.289480558285675,55.649240309602796,0,3
54.36291938732101,-21.440341922123736,52.044469246204756,0,3
53.48703030426334,12.139571738081367,51.24506595147155,0,3
19.751458618988746,41.170185251826034,55.22322315936991,0,3
-21.779912087337582,56.50583712104598,62.44798411372034,0,3
-59.88503401116883,29.65128736205284,67.17706210249779,0,3
-57.98622115140156,-15.29711324677605,68.147115835765,0,3
-32.730061865696456,-50.902906794324714,58.95811322639724,0,3
12.12015886809658,-58.43288755634464,62.13533509971013,0,3
50.01411181269003,-34.48707488944139,56.20143773581777,0,3
30.62401548065359,-20.117237478606242,6.636863518998865,0,3
47.54205591632813,16.237185806238664,5.046963472024407,0,3
21.59889224771322,51.08209412457142,3.70096367134397,0,3
-19.531805346533307,47.2696766536429,1.4238365162837328,0,3
-49.929404505662035,20.83934495110485,-2.610074607621356,0,3
-55.82354039964333,-19.90821902386885,-2.2719884928417042,0,3
-31.968195166928176,-53.09566383648145,4.900680018020718,0,3
10.860851744589267,-56.48686777935207,5.972519414879498,0,3
38.81955442976007,-12.352438773024796,4.398162537917726,0,3
46.107625177981724,29.670985420994004,-0.3627567785051595,0,3
9.179220321678253,56.7841864880897,1.148532794347371,0,3
-29.376006089351435,40.35614376226999,-3.7289646577180733,0,3
-62.56191016539446,13.61615403621906,-7.37872215303889,0,3
-57.135300794253766,-30.263779918037454,-4.947512673206651,0,3
-23.687121594865207,-56.30816062696128,1.915370895019555,0,3
20.051467682250976,-50.15933602423368,0.4327319619481018,0,3
51.774220205801235,15.355762189920243,60.415576863019545,0,4
24.568987129211422,56.39574195283376,53.721638340989884,0,4
-25.597792932170375,51.60693779604403,45.23203086849437,0,4
-49.70081927153952,8.278198645012367,46.046561174434785,0,4
-36.717495955952586,-36.432292316474616,51.00227416354885,0,4
-13.770755705721532,-78.45068456076248,60.981816346338334,0,4
38.33487400975949,-77.75826053606123,66.164632742817,0,4
52.79670222213595,-30.219501942122506,57.19623293162176,0,4
54.48493340988642,3.6255130219327087,64.73380071795373,0,4
41.04812712545507,52.445506083525196,59.79190297616354,0,4
-11.640934000466121,59.97760140485026,50.22006722644277,0,4
-46.876223354248786,23.063978968386394,50.18037689353774,0,4
-48.86299448955627,-26.736568597397532,53.5215330306671,0,4
-24.423546004719093,-69.1460058050167,61.73581937549634,0,4
25.444129581194034,-85.53875598245138,71.28862567063275,0,4
58.808890435423784,-44.324563473814806,61.42770689594461,0,4
60.81670329167789,-22.553933017827724,6.93158206222078,0,4
66.6932187563353,25.245499615750145,3.472248664134752,0,4
35.80502677079441,63.80025099312795,7.326275779533895,0,4
-13.152994891579073,66.35597178680233,7.426256305355773,0,4
-49.90421999357335,34.400354591725595,4.166806685100599,0,4
-55.36449540016169,-14.851778607000593,0.8074556912229194,0,4
-21.966430015907292,-50.50362506379203,2.5252518645684408,0,4
26.972862628969114,-58.32533290409586,4.8517061688266585,0,4
70.08350841814271,-10.167407000155288,4.319446590496829,0,4
65.44500669703524,40.90971853645932,-0.9270206698609851,0,4
23.790761460048277,71.15478993659194,4.301158217488133,0,4
-26.5492083314857,63.97684862595859,3.8432424446811377,0,4
-59.035118587109295,24.558975825517013,0.29432378573376683,0,4
-54.05586074577821,-26.931233330048734,-4.447283203646207,0,4
-12.65751587774957,-57.74247851721674,0.1607696243078891,0,4
37.88919248564208,-49.80520983732722,-2.8552125328457647,0,4
49.126169438691136,29.939330105997193,73.87137737750726,0,5
22.038979052867393,61.33061590588196,66.83556862344219,0,5
-19.207768925357644,54.60461136135415,56.47545290140205,0,5
-38.313527778875454,18.639268788689826,50.293922500469606,0,5
-44.23682427516017,-21.358110006229037,46.04332278611204,0,5
-13.055736009773666,-52.562001886156914,46.64989770125758,0,5
25.80017022076632,-37.72250211042768,52.81200244201918,0,5
53.600664919846515,-11.013159527491561,67.14688213950343,0,5
51.41419582510694,14.866121874019873,77.44248607598479,0,5
33.273363809537244,54.59580370409911,73.21223673691583,0,5
-9.733839880531116,59.62901276516098,60.58085744529656,0,5
-40.24686721766135,28.885583650540568,53.82562928066487,0,5
-45.756125115384364,-12.651968655122822,49.341604717766124,0,5
-25.866344670692925,-52.93514008094844,47.06774141312266,0,5
17.796473874692378,-51.77162304325947,54.95064615019957,0,5
51.302394516482394,-27.036923625882164,66.68294777470877,0,5
39.334196780516045,-26.217791577199066,0.9527965857450842,0,5
41.6539486276756,14.9676820894008,1.5872314912258105,0,5
19.51974937234648,50.24691527001906,4.3568452634641,0,5
-23.66747179651217,51.65012572800805,7.000812785375273,0,5
-47.74601593853538,18.835425536155658,9.3236123429453,0,5
-59.556339916934775,-20.384433246518995,4.7627794291942935,0,5
-33.61797256330149,-54.75304761769183,6.383872415750888,0,5
7.8708740794748175,-53.090634700550005,-0.11448806914392962,0,5
44.188510929362124,-17.730047562685858,-2.2201987855601883,0,5
40.29082334632278,25.225685977178767,-1.3408041363367678,0,5
8.62004570005958,55.64352772335691,-0.06556470735396158,0,5
-34.85606745222428,46.352105579518145,4.426075043482956,0,5
-55.874797307459175,9.511590464917603,3.6208410283671095,0,5
-58.28891829821808,-33.407498869751564,2.2140156491067167,0,5
-24.389521382195078,-62.53356830422505,-0.5331649339778914,0,5
17.80893009908433,-51.549144393671845,-4.254369188464351,0,5
63.8919688757577,24.844354201060828,44.94905528698005,0,6
24.502014523607684,47.87219020031023,44.59683261726948,0,6
-18.77167714955098,44.69073149423953,53.14521438076941,0,6
-47.62516416662613,13.383618243444879,67.33779411237485,0,6
-48.92228878720381,-32.72958709918952,67.93613219199885,0,6
-10.993983914439262,-59.81693731588006,70.26915921602206,0,6
30.9865033104272,-47.53203256510669,63.4371848638185,0,6
65.1485357478197,-21.532219516742884,52.263380968463935,0,6
69.90174140673793,13.725902506945719,52.021265507578676,0,6
36.54565873551695,48.49662149595471,47.051916151819995,0,6
-9.616092095871249,52.78212971802928,51.865526619001145,0,6
-45.64608841379824,26.477288837624073,66.66041620783619,0,6
-54.794775841403734,-19.38136069636614,73.30223195594677,0,6
-26.070235102339346,-57.76083931877174,75.76293119313047,0,6
21.218315873426217,-58.80661881066223,70.67780314086332,0,6
56.62142058524179,-31.865153439500933,59.260401809830775,0,6
45.942356544364344,-32.714758081642614,-0.05489907453582488,0,6
47.8725623929924,16.307303162246193,0.3457628708647711,0,6
10.93786903130564,41.61340965472835,9.508322274859857,0,6
-33.25340205931231,48.876264384254895,19.282762702130892,0,6
-71.8402194221462,23.318560527127246,15.349476752605643,0,6
-75.18103218677206,-20.527938451054467,-3.9418992969863895,0,6
-39.31695348201555,-49.37366768136884,-8.602375253335502,0,6
4.685738121168164,-52.93267634022737,-4.648098958612615,0,6
51.85515821826395,-20.16680075039618,-4.537511557511954,0,6
41.35115293072567,28.345300375235578,-0.43930257240172743,0,6
-0.39984667082407066,48.80515575625647,7.013985470960312,0,6
-48.14796413429943,49.06095990923257,15.364361636463848,0,6
-80.79593286166836,14.007975911424051,7.369624875794793,0,6
-73.35276114694359,-31.873596358898382,-11.688731910467641,0,6
-29.616609382297945,-51.681483617915156,-13.623706095238592,0,6
16.45152421217965,-54.60877326599502,-7.490721220255577,0,6
55.06424996231364,15.798387914046057,60.90690385924656,0,7
25.747754776206182,43.08707709418719,52.15097444104689,0,7
-15.108487880167866,39.29291554412391,42.960825524277766,0,7
-41.78723659342016,7.187098253836533,45.33837439520879,0,7
-36.329786179637125,-33.09841846546709,52.26522013640308,0,7
-6.484940249450785,-59.22493771363444,63.00233274692178,0,7
34.28531815445598,-56.57097387935275,67.84486718681777,0,7
59.34694218122685,-24.245304850524732,65.41854619259348,0,7
61.62728875957848,7.408978104058787,66.91456724483012,0,7
37.19089724378169,40.13806744626987,56.35092529575002,0,7
-4.272475240780565,47.87241946048312,49.11491867444631,0,7
-39.14614933921625,21.897286473237653,46.50696004426815,0,7
-41.469715531033444,-20.44112256683336,54.02831730276353,0,7
-16.467292013668327,-53.37901653326114,63.51916449084988,0,7
24.88329060786115,-60.29069836567705,70.890251913788,0,7
59.528965842590814,-35.01389547968325,70.11435419175814,0,7
50.29129121961377,-32.863754849226105,5.375938871372671,0,7
50.13709063819062,7.98703919253138,-3.0514130185607584,0,7
32.378188543490076,44.605533270977354,-0.34851554120986616,0,7
-11.547550938068117,44.13241950137481,3.234164157227991,0,7
-29.688066908099685,7.902152285929745,8.567844946254535,0,7
-47.990164785126844,-27.959728526136256,14.126178688853338,0,7
-23.237265809803404,-64.63010101034897,10.710257818387664,0,7
15.888441550705322,-54.10690820009045,4.382649334490362,0,7
56.79207414219464,-24.588011588295,-0.30951576343644227,0,7
47.40109506338612,17.11045285459121,-9.209332556485174,0,7
21.488179624538155,51.12239894159898,-1.7893942203450353,0,7
-21.81494447501288,37.34994097628431,-0.5493128987856233,0,7
-41.26409622151691,1.5460648850283132,7.26574282749513,0,7
-47.52467438203555,-40.757825386108586,9.731176380282996,0,7
-13.179593704071753,-69.57266609536563,3.6816807770444333,0,7
25.849415876860405,-53.3033034444271,2.2454306050731794,0,7
53.58458618955634,22.192556431956888,44.839577806678165,0,8
15.12718440739586,39.75166855896652,53.8409159055214,0,8
-25.818837590138354,43.75223091930605,62.7533655981386,0,8
-60.377730731316234,14.64813594719983,68.25554197913472,0,8
-49.19869495919748,-30.80478259472249,66.40971357632205,0,8
-9.439670256149334,-44.261270805772355,59.38523929504083,0,8
30.55582720460407,-55.027904752849146,45.962744222383265,0,8
62.87494606365778,-22.569933851871216,43.634256905188515,0,8
66.9498405980071,11.326141821548498,45.89199767806787,0,8
27.85258541651848,36.4486531527833,53.516132464060085,0,8
-13.015375397160298,43.95812874240944,64.43426570428548,0,8
-55.59879690214721,25.725970654657093,72.64473234846939,0,8
-57.94893948167665,-22.67595349191434,71.87633703104127,0,8
-22.87984797980975,-50.86775927935175,65.7652020991691,0,8
18.813327235824723,-59.25454548412496,50.8076073394256,0,8
58.630029321480265,-36.57714525937728,49.05107958481188,0,8
54.434718620603874,-28.727231582095424,7.405382844149795,0,8
57.959468748491226,17.127701087762524,3.758896561780504,0,8
21.82394515713022,43.79150813646158,-0.8352247325007855,0,8
-21.307568774268166,48.221185903707145,-1.1161634487894565,0,8
-59.56663777394089,26.175806098567957,5.465848544696652,0,8
-64.41805782411039,-18.9050877361784,20.76462750917662,0,8
-26.092191466108904,-43.11118723419047,11.793438585126989,0,8
16.19647086207388,-51.29089576908812,18.96255906486188,0,8
63.84330567284451,-21.72058744745373,1.4204037206796363,0,8
49.74885856180322,24.472127438566126,-0.5566271748649063,0,8
11.933532753138241,49.93642275754886,-6.457830406177797,0,8
-34.75429301124836,47.95411823359147,-2.7679873418151235,0,8
-64.9200814287654,13.356385973560311,6.175151202773954,0,8
-60.2687893965095,-33.71644887996747,17.343303109432497,0,8
-17.471716278565236,-53.61651372451321,8.63276726557901,0,8
27.72932298521439,-52.430935717789794,13.53954405912825,0,8
39.32821048048018,27.318280156320053,57.957266507883475,0,9
12.256246602427204,61.99164703794355,59.782899454388286,0,9
-33.74821665753826,61.63306780176186,51.370718063605004,0,9
-55.11380025264488,20.26576047183421,55.83819513442044,0,9
-46.78692185922361,-21.06961897183145,54.303781002126314,0,9
-24.324146872499405,-61.25537106072019,57.5084694592907,0,9
21.190454246613147,-51.036806025669996,59.10780072892351,0,9
48.75316001800535,-16.03408552118595,59.511301363259506,0,9
43.99533663695289,17.105411993014613,60.89784088652059,0,9
20.60998390843412,55.85984467259063,65.9826866405083,0,9
-24.72218917981499,71.4946205852117,57.40863543693081,0,9
-57.47463966168412,33.997376208735034,57.20911856915397,0,9
-47.842940442981366,-9.71992912607762,59.98939346814383,0,9
-40.94041339315075,-57.21922203834853,59.05470950395963,0,9
8.507584094782056,-60.77617747732315,61.76165473667692,0,9
43.24703372507166,-29.768107988756604,62.86729681682368,0,9
54.04220490834997,-21.31742532184495,-1.2948124358413762,0,9
50.82494925282755,21.61364763271739,6.455589830826822,0,9
24.797814870561773,54.67584728561143,17.38219147177204,0,9
-19.19654836417978,62.11668721201097,18.17753239298277,0,9
-52.76965779025488,33.592255781305816,12.039925748810148,0,9
-55.183928785822566,-9.927401861675166,1.4914138322945618,0,9
-21.805237517626498,-37.77248934674522,-1.0730155221123248,0,9
19.449392402950316,-50.98142890079137,-6.950133209418819,0,9
59.03516862748458,-9.092908808230842,-1.5713702758240102,0,9
50.704904728560145,35.65808652455805,4.3404316656615975,0,9
14.5732040572147,61.85032806879479,15.222245284770551,0,9
-32.156363068425044,62.79971548195078,15.813611350437297,0,9
-59.89088025190182,25.81847936416143,4.984220024718075,0,9
-51.75414012615605,-19.348109616302498,-4.804148258787746,0,9
-12.251952294000192,-41.245768706995285,-6.396901368777204,0,9
33.94385164987608,-48.8150462332937,-12.253061604188504,0,9
46.01812614132976,26.846522483895725,57.25628200087951,0,10
13.62190452028569,48.514917757649236,51.119092829049485,0,10
-20.413153822986867,36.694756913005406,51.03744903372184,0,10
-49.14974923287831,13.75010351788821,51.37191940467419,0,10
-46.606137159013755,-23.61805377478937,53.18975607644062,0,10
-20.009018167540383,-50.15350454535318,58.88077980971587,0,10
15.999498370450508,-37.60572269436712,59.538776301510026,0,10
36.70614306441252,-9.573015776023041,61.174175754187175,0,10
51.56183425642566,17.418603657606223,65.13933179417141,0,10
24.858990705290733,48.11759963832914,57.28954852788117,0,10
-12.785023944537523,45.13920409632394,54.367332692530944,0,10
-46.62575360151935,26.068015102746667,53.77687189186801,0,10
-49.10876796761498,-12.429690947067256,56.383824504600604,0,10
-32.10950154794176,-47.40835315235531,61.92445334008206,0,10
8.686502721113975,-44.80993682470301,63.64267001212764,0,10
31.22633270183229,-16.21360463085542,62.75402206541141,0,10
39.21233113945998,-22.7438209387215,5.71771950184976,0,10
43.006845247849455,17.50574368216496,3.042321720802427,0,10
7.12943093183566,33.25880372412272,3.144368880887991,0,10
-26.85996897392105,48.59516275053991,0.06645681986454122,0,10
-61.48670929954203,27.8252295128033,-5.8747578624018395,0,10
-58.084068595781844,-12.40999888873986,-9.27782774590252,0,10
-27.910669500687952,-34.58105964186975,-4.9857546949570235,0,10
8.055758061585383,-46.34028057968076,-0.0040342477780555,0,10
46.63324534116161,-16.258206818346867,0.5579063378869322,0,10
40.16963848851017,25.104307014843513,1.505779922238827,0,10
2.2555724902168706,39.06324017614598,-1.696352275384018,0,10
-36.59977825353358,46.09341893237716,-6.6097742656674585,0,10
-66.46805179341486,15.686731461319134,-11.450069694560753,0,10
-53.08677861396664,-24.345046466039562,-11.524076735219655,0,10
-18.409509993725287,-42.21186896776519,-8.706901101516355,0,10
21.11716950376959,-49.67401218198412,2.5353749500967027e-05,0,10
52.09931160105194,37.02082691334387,55.3950276727079,0,11
14.71853743805711,63.3336754248492,59.15158828256443,0,11
-32.49732181467181,68.94044334037163,55.44179182797901,0,11
-64.59992961148548,32.32464834395702,61.05516839110607,0,11
-53.8032522699958,-14.515332206309337,59.21977314628182,0,11
-15.897661189488716,-40.87587837105518,55.5727528779523,0,11
31.459839146786322,-46.43124174894224,56.16305941102271,0,11
63.46246510293905,-9.355456012202202,52.05051178576518,0,11
64.22336966672003,27.166446165073086,57.66687825169896,0,11
27.0365229746805,58.50957689134077,62.87065201310834,0,11
-19.396266356321302,72.43752864912692,60.078127451833744,0,11
-63.61618116660237,47.878934927218324,64.32277370569935,0,11
-64.68857657788939,-3.7136051713151472,66.26230891915667,0,11
-27.701142995763792,-34.583610255676966,57.88962696527984,0,11
18.948842128142378,-51.851604345663276,62.75528679099406,0,11
61.01009365392344,-23.492575572695255,54.82229262964311,0,11
59.7002888077575,-22.601907071697415,7.395809808339034,0,11
58.79663143212824,25.701998509746232,2.490651976330807,0,11
22.041927390556005,51.68591369250545,-3.5675371281988424,0,11
-21.69097559102338,65.68818519479886,-16.55250035241324,0,11
-59.2894166602143,37.055215313220124,-4.398409625894897,0,11
-59.851475951498784,-8.918246517908226,7.5915450899146935,0,11
-24.50980009322928,-38.54195525565272,12.769959168660382,0,11
20.060381192584444,-47.274719954255765,21.754251269654954,0,11
65.51235937270431,-10.931302327814194,1.7257437292534257,0,11
53.91639307799507,37.44099493894952,-3.1974579072834484,0,11
13.347409585960563,61.45077878873641,-11.364948084828708,0,11
-35.35565193642124,64.64034797794871,-20.344054397596476,0,11
-66.94680299611895,26.71892268160545,-4.78632976048567,0,11
-52.785365117286055,-19.436527257799362,4.596156514381037,0,11
-15.659767787410901,-48.611852044250085,13.714914763573887,0,11
33.48576790227289,-47.56795639372094,14.621405484637073,0,11
49.13607126866023,32.0287191267311,48.353292034240596,0,12
11.181615659795018,58.28063986164493,47.95528580154784,0,12
-34.68517812242646,55.703396569930845,48.80197951247899,0,12
-61.07527239370035,18.701451355263224,53.92793029908027,0,12
-61.6678254306636,-26.358180482889,57.94826682131372,0,12
-26.535414124527303,-57.263063661848776,60.626408998042606,0,12
18.8799204525848,-48.24105527124146,59.30219774732584,0,12
49.04256072535174,-14.758634482687883,54.35473623883747,0,12
55.24729425642577,19.38961770521323,52.28950190548531,0,12
23.3508233344019,54.836116125501356,52.275493583551,0,12
-24.01093886172466,65.09928875360728,50.41136924306609,0,12
-57.95564035406191,31.658717530351876,57.2225614674321,0,12
-68.31909688096904,-14.093177813119103,59.34016106691503,0,12
-40.09240139700169,-53.78793106404609,63.43121831069131,0,12
8.018413351925266,-55.272618420161564,63.41028117982292,0,12
47.08479035766186,-28.50390445392869,60.62693175063485,0,12
46.5804579071957,-20.186215702127413,8.007057410150878,0,12
56.80350840061471,24.54203101256181,9.857515840784131,0,12
24.788596823259414,57.17988928908484,2.920873344962717,0,12
-19.6006701033901,53.406979043104705,-0.8380298129095145,0,12
-55.00551009890449,27.45278580982891,3.3447336770281666,0,12
-66.96004142266791,-16.998569214361883,-3.0955856308286753,0,12
-33.201302928485894,-48.535304413279036,2.8894716013085624,0,12
10.295407732405382,-45.866935013247385,11.393479109165503,0,12
58.081244129799224,-10.533216273795025,5.352665243398435,0,12
55.6079645491701,38.05986039204445,5.319516914611293,0,12
14.301724462479593,60.80564961275401,-1.5263741913896078,0,12
-30.566717974976754,52.23923438148931,-5.546931267719598,0,12
-64.34550827203961,19.86752840185729,-1.486036357628417,0,12
-62.03989359593294,-28.54538417459127,-7.137245557420922,0,12
-21.106857749141003,-52.43061318768029,1.6413855127419688,0,12
22.932031159842094,-41.40749644812645,7.763335418907708,0,12
59.489352234801736,30.85378973060412,57.54896746498882,0,13
21.26525980833472,55.26841124415265,68.21125394651341,0,13
-24.75584198811223,56.17608617433961,70.16277240809735,0,13
-51.102224014461484,17.796380874486015,60.83889234692352,0,13
-48.3679975027244,-25.571050685843513,50.51857789272851,0,13
-17.512585890468593,-61.45087707956376,47.42220063742621,0,13
28.333349079069787,-50.332906437606304,42.1144279185375,0,13
55.13596998775381,-15.42299498481882,50.992691454612476,0,13
62.92658982866047,18.73428182828922,59.034841120667295,0,13
33.63874051220168,56.12865280295666,69.92486418116096,0,13
-13.644166929795245,63.21929815792294,75.48388180170333,0,13
-52.54829204579904,32.872268989004866,71.86088731265409,0,13
-53.18229578540269,-12.485747851043731,55.35019776624739,0,13
-32.976422836470846,-57.03341602588785,53.28173709935616,0,13
16.64582955026838,-59.07671648342158,46.68305667547834,0,13
51.90596683651283,-27.64544596742728,51.01491645986104,0,13
59.764486043330756,-32.20176715408247,-2.388190905541983,0,13
65.29663438097414,13.538538369671198,7.863466993077177,0,13
26.80676767014153,38.42668801263262,8.622263792040824,0,13
-15.091380042560381,52.55001542593272,12.006404726374884,0,13
-50.82188390877337,22.555513575903095,9.83516130102704,0,13
-54.012605379536446,-22.253430212569977,1.286419492392481,0,13
-21.386718427659737,-51.29323831306738,-12.62653563680162,0,13
23.255895207881522,-58.51262523352672,-9.210947616670795,0,13
69.40811200171817,-20.870701037673342,-5.7322419102918865,0,13
63.151636258051866,27.53696088877392,5.174461616145598,0,13
18.559938939114698,43.88783794740962,6.088338586389607,0,13
-27.45334767611821,50.44795298297533,7.798669856293012,0,13
-59.00322545569207,12.646834417902586,5.242305823603651,0,13
-51.16395152826293,-33.14428076227448,-6.525271432629392,0,13
-11.677058090408773,-57.979160956382884,-17.7953569921615,0,13
34.999409624286066,-53.312732296563716,-12.059822962112598,0,13
48.379620278431936,18.925333045219137,72.73065968188153,0,14
15.492235908720836,43.424674374934405,60.851392552259405,0,14
-22.16600559561864,35.30832465341063,48.875328239949766,0,14
-53.719238721777536,9.51460170603576,41.15618620114905,0,14
-48.81972385800748,-33.46445257374653,39.85983648310257,0,14
-15.82546670801386,-55.85604226158119,51.3628824746031,0,14
23.937618164820496,-55.74477045298072,64.42987655460509,0,14
49.5927502929745,-22.74357641805791,68.61381955772313,0,14
50.98006909150198,6.684240044012457,77.67062101793445,0,14
25.496611613555807,40.68110101174135,68.91480920362456,0,14
-15.112939353021558,43.89852894405401,53.12496744431289,0,14
-49.878197314133985,19.95543914197702,45.337925906070936,0,14
-58.39182321043423,-23.522786794327676,41.92359116542406,0,14
-29.96841985803738,-56.60079943725201,51.91435543236148,0,14
10.997937432519045,-58.87697148872731,64.95978085756514,0,14
49.137786935564485,-37.80072062147784,71.25796186793,0,14
53.408395745774286,-29.44947204434232,13.831901992865388,0,14
51.03934854364551,15.805499731563147,11.859620789157928,0,14
22.380993069868023,47.452275760551665,12.57171729018995,0,14
-19.934098235349165,53.88072186306197,-0.8311103364205518,0,14
-50.57652348775749,25.008227509175832,-10.545932535250786,0,14
-61.12860682450801,-18.62435130473004,-7.733269481939689,0,14
-25.105024081905338,-46.76219778249087,-13.12464471724917,0,14
14.11899681909757,-49.41707720499982,5.12189212426664,0,14
59.1501803952786,-16.829270112684007,10.550872135836501,0,14
45.925579382196474,27.344792745948464,8.194412736513812,0,14
12.931204282301191,57.53715013884559,5.382695804937607,0,14
-31.580025835402584,52.51134491666086,-7.298641723441047,0,14
-58.549750884982274,17.385279471737995,-14.737061469664946,0,14
-57.23963403430689,-29.303263760779934,-13.630468681154522,0,14
-15.606079427867149,-50.160474720986024,-14.41670594290438,0,14
25.803043150730264,-49.93117495325843,5.258576416506265,0,14
53.27463358682117,29.136231862668915,66.07091418389666,0,15
16.922779911614153,54.99010503753668,62.73479958437644,0,15
-26.65473006939144,49.44736475856043,54.669370589531376,0,15
-59.481609363136414,19.588275876512515,49.17056528928197,0,15
-58.416380822598164,-26.32213697894143,43.60868319792064,0,15
-18.155862313921308,-50.08085004474292,42.726492942716334,0,15
22.554039959410325,-40.027809297607405,54.72926348472507,0,15
61.9825535014319,-17.011238721207324,62.78057119393249,0,15
62.650144914688745,17.573290584570096,69.62427133537363,0,15
26.858647572944644,48.611073738727185,68.09270704896551,0,15
-18.55075859641326,55.92287939226069,61.16564257586126,0,15
-58.5963285180339,31.372713215833127,55.342287011308784,0,15
-68.5860161553658,-15.153246692837953,48.138196066857276,0,15
-33.700726496365405,-50.000181395501244,45.30889097518801,0,15
11.18004099405992,-44.955660818084404,55.93329257883702,0,15
56.367457003795316,-31.91526003164472,63.75034664614465,0,15
54.73884028903807,-26.82229827098475,1.004771546836937,0,15
59.07600562420152,16.70593221386711,0.9140157477239992,0,15
34.903666640270686,54.396788347639706,2.3415946192200536,0,15
-10.64721043561019,53.9492030108979,10.772825325232207,0,15
-39.05547659942573,20.584067865540725,10.7471456663298,0,15
-49.906262453341924,-21.03337036178728,1.2223267676277545,0,15
-20.74359151078181,-54.89142798645921,-4.39106403227747,0,15
23.71370624078876,-57.868866592512255,-5.736199390389228,0,15
58.56816007534822,-17.15994756595284,-1.2378214694859189,0,15
57.62206320350154,28.43634908552346,-3.9880572347248897,0,15
24.357425275381942,62.32313882035879,-0.005452979315917317,0,15
-21.555105409911402,48.9773195724318,8.291964780502358,0,15
-46.82687734270235,11.754587187779933,4.962553169797765,0,15
-46.960282824049465,-33.8724977204602,-5.8992109865681215,0,15
-10.092205276850702,-62.043399429071606,-9.593159156779846,0,15
36.933500785835434,-57.8584429752876,-8.597574681760811,0,15
52.29883045143991,26.595733564436298,47.80433335915869,0,16
20.67059932739472,59.04044862439282,49.80575486962121,0,16
-23.257191536610613,53.888202297439314,54.30874539516735,0,16
-52.61136810450672,19.87059060605693,49.37231258332467,0,16
-44.739092788617235,-23.398349590173353,56.38862121633384,0,16
-12.537260790225456,-50.8885400447199,62.55812548497346,0,16
32.59120296219507,-52.43214752739494,71.04122101506111,0,16
54.93451155660021,-15.10861670173209,57.23440592919924,0,16
56.104146644288335,15.617535697618274,53.98595146165257,0,16
33.42844653377971,54.94717949816778,50.94238385846372,0,16
-13.009222560892194,64.77113694858146,56.66416572426617,0,16
-46.52686933083627,32.36270990723992,53.069993793300206,0,16
-53.20351180627523,-13.015638848565809,57.483102777476994,0,16
-23.04958691850802,-46.08287685963595,64.56127569443562,0,16
20.76017037996351,-58.717442148330704,75.8006533935016,0,16
56.310811673553516,-28.471082053172722,63.85779591222377,0,16
46.07544885829986,-38.14374698875328,8.137410125215244,0,16
54.058901255018455,6.5281897930961765,2.007234668479204,0,16
22.384466236967082,41.561850518963006,3.2639199829337437,0,16
-22.78491379407537,39.35636941313678,7.091456181620231,0,16
-60.24948511798587,14.065461989971006,8.621619978134149,0,16
-66.6262053642681,-30.997855719902148,17.30286156207915,0,16
-33.92941053913299,-63.11045441849245,15.417574621465407,0,16
10.793320499068924,-64.25974778499435,18.0884359269997,0,16
52.895364918460736,-30.8844897235518,2.4137893593402255,0,16
52.91251261173209,17.595301246668868,-1.406412042709679,0,16
11.348609404327803,43.970742006747635,-0.5517724970284297,0,16
-34.97958718363361,35.53013693390212,4.026213676614637,0,16
-67.00151551400184,0.45315018889468817,6.602093087444911,0,16
-64.0493149375686,-47.064997377977676,14.03220040087092,0,16
-24.03779982225344,-73.45095633216096,13.991282235870653,0,16
21.983116985652874,-64.26408165340939,13.764449051438277,0,16
41.07548824459343,13.239226300949202,54.01238323513825,0,17
13.914614726251134,38.09930329603279,61.60960742987688,0,17
-24.230278859933474,36.81615710295201,63.92247321454871,0,17
-52.17792717477916,10.258272832315145,55.249474870655874,0,17
-42.54906760267072,-28.17458743885289,57.04503949435687,0,17
-12.393877093928054,-48.760177840067314,52.93291493055741,0,17
25.01453256490911,-53.22811121918629,49.57344326669178,0,17
50.60894228686178,-23.07160691256958,47.11783145245591,0,17
46.99899295237868,5.554586568921784,56.30458706551307,0,17
27.833441800008885,39.38749266799977,63.332572924740894,0,17
-12.602599381845991,41.33375292758864,66.581505009501,0,17
-47.401210234122594,21.757621917326052,61.474295768332205,0,17
-51.23064858662165,-19.028979910795297,59.699733221438635,0,17
-24.165644414819674,-48.40289081027484,56.92161744200119,0,17
14.0743928637948,-54.01648801364951,54.615300657659375,0,17
50.137174187074024,-34.35898253493277,48.954534225646704,0,17
28.51338020094019,-21.713291380043025,13.489301313225507,0,17
32.67636266726227,14.942297804055704,9.858822824049103,0,17
12.997535947983138,47.32367289831668,4.939545964078308,0,17
-24.835391642058983,50.967995719146316,-2.178972723061059,0,17
-49.867094393090404,21.885871637030345,-4.729961078236806,0,17
-46.84918971575386,-14.44990651023629,-7.385259882577782,0,17
-32.96738507706963,-49.2361197768685,-2.028705159288882,0,17
5.936396005462181,-51.56361661033567,5.49735216121348,0,17
36.3589155411747,-11.03615871941006,8.406416097775573,0,17
33.59140730731419,27.626591982814837,6.260525153437343,0,17
7.96226580817964,57.754854649507536,-2.3673459006546187,0,17
-32.264728970544475,49.42036021093855,-6.751298879927796,0,17
-48.229266915667175,13.713434747171405,-6.962303945630352,0,17
-47.92089613357389,-24.854955925418306,-14.714069364153971,0,17
-22.106119058834278,-54.80347303204527,-3.8073319882467196,0,17
16.355353595377533,-44.84855468680838,6.337250432033856,0,17
32.70428855729852,12.626969646042099,40.64020723799155,0,18
4.8665592973788625,37.999356330670665,35.50186865502872,0,18
-33.317606545171635,39.34728717245302,42.539584875889624,0,18
-56.40920850239187,12.330180671392391,56.30678835978876,0,18
-53.45165708834925,-22.530340094524842,75.76605707188158,0,18
-16.86806565118243,-33.85659173040093,77.55433245842606,0,18
18.75462192981151,-48.63924440400215,76.71136229098978,0,18
40.57768995670957,-19.2948997323885,58.30009438023191,0,18
40.50151951348424,6.283088416387129,49.21315414244055,0,18
14.542526506345824,33.18629180360838,38.483835760598026,0,18
-23.65997653095046,45.744353766557744,42.34928390376187,0,18
-54.09397520277446,23.653461549866936,55.994083309913016,0,18
-60.01914638889163,-12.88336173157677,74.46718735477174,0,18
-26.68198553486827,-33.505690448470595,82.52572688577717,0,18
8.93637709027012,-50.1112222738975,84.50206976944698,0,18
40.79225159948931,-29.68563897348235,66.46344148255909,0,18
43.801137262404424,-27.02632708931351,5.722722073949961,0,18
44.61464959657717,12.017974493548358,-2.38285185129864,0,18
17.827151653058383,42.21987985617101,-7.809493271336591,0,18
-21.48950938181724,44.262174235178094,-1.009470389035699,0,18
-54.94211150296236,21.15877640502218,0.8384721766586702,0,18
-56.03586150773124,-18.11565978063299,15.235670893951092,0,18
-24.6572088408392,-42.033355638026336,14.127642282121968,0,18
13.466706868196724,-53.65149735278331,15.183158590230885,0,18
48.793404021867694,-17.853585714974443,0.724816367140674,0,18
42.55042020089172,22.20165921923769,-10.187647615485577,0,18
8.243134735658948,47.60559171524541,-11.43590280821742,0,18
-32.31811696124813,40.480424838246314,-5.920676183780921,0,18
-61.884227775971965,11.164015836378866,0.963565637200877,0,18
-53.11386290099791,-29.336797066221692,14.283737966755467,0,18
-17.956745322982933,-50.47636883343269,10.541762677613878,0,18
23.723607048406667,-52.35544273445254,7.236557677697468,0,18
49.417261365531694,19.889017572615604,59.27622971519794,0,19
13.126091965155464,48.19051584790683,64.42001429400273,0,19
-30.98375277278408,41.2351399990739,64.20824043366075,0,19
-65.10126148380478,11.153672657155004,59.887088993220885,0,19
-58.33662458727615,-34.02873927891443,49.00743364543902,0,19
-20.35734379136335,-56.205487245803795,44.37410132229511,0,19
24.87056672037839,-61.19758312426551,42.161389942629846,0,19
51.560775022127004,-23.933600258905134,50.22490849428178,0,19
53.92453432991482,6.162498882552264,59.74895269894851,0,19
25.948622733743846,43.66770112819226,69.21791224743981,0,19
-21.304372931595736,47.75774775237645,68.58741585892085,0,19
-62.636381782207465,23.69282207351824,66.53771274093955,0,19
-66.37593943571271,-24.435150742883273,57.06829953337016,0,19
-32.321934235585545,-55.34423191522856,48.687309592320105,0,19
12.567623180627804,-68.42928001565076,43.82390931682236,0,19
52.299275025030475,-40.25030912446805,49.606358831286705,0,19
50.26817124492324,-28.86469207293885,10.242297326073285,0,19
47.74118687461038,14.396263097455778,3.3982654950643054,0,19
20.86987961950698,47.073099034238616,-2.4359560400983664,0,19
-21.91344871275926,60.93561712666833,-6.0298811904582665,0,19
-54.04556513652783,27.63007478200207,-3.652248776532395,0,19
-48.492088427188975,-14.964243737371849,4.378342323717315,0,19
-25.015762869123172,-50.571771709077225,8.200415531362477,0,19
19.029282053396074,-62.3532617216916,8.052251180542706,0,19
56.35919093952376,-18.721729953006715,4.634366089368402,0,19
49.67570941286604,26.25768153925736,-2.9747382377455684,0,19
13.494712291511469,53.89363656801761,-6.902830539974716,0,19
-33.50203631254134,56.868173673089395,-9.092488955240006,0,19
-59.378743048510096,15.945942934610256,-6.490845125705032,0,19
-45.83526775794344,-26.686248113728393,4.054903804946761,0,19
-15.124785287923645,-60.611548087029234,3.9655242384526517,0,19
33.05287660279987,-59.8116122581983,6.765465234390959,0,19
40.753704793406015,25.31384006405719,53.44531238107548,0,20
19.628077897615277,55.798434868222664,58.64111476565407,0,20
-16.689425879699325,44.749986202482184,65.62884827563799,0,20
-28.812583092398775,12.649512590790723,59.224765699909106,0,20
-36.83112268744403,-20.740839826168536,57.10906097667067,0,20
-13.251208597863222,-50.623441747848105,57.384762843453025,0,20
22.90934158445497,-40.76286784768703,58.22847220433348,0,20
38.59019739899727,-9.319845288550418,55.33889539852933,0,20
47.87937081707056,15.342697914288308,59.02826065260246,0,20
30.2215975420158,50.153237419416875,57.43367280597365,0,20
-7.512520303925247,53.32825003543509,71.44966403707932,0,20
-31.04670032118929,23.798633109002935,64.64541455919048,0,20
-35.89175124340962,-11.129585021756583,60.63135691328109,0,20
-22.792139365992963,-46.78515501127225,59.23998172018029,0,20
17.597514337807883,-51.33042266919119,62.45057135265824,0,20
36.5243004528219,-18.861994496067823,57.83990680771648,0,20
42.72950476957101,-18.594044083751026,0.8789043017721982,0,20
53.6481954340043,17.546860914077058,-3.2397449772298166,0,20
26.90050870756215,44.28150556070983,0.43964208751116685,0,20
-9.955440113976215,41.29040737484128,1.6998907564933714,0,20
-34.515342822133526,16.222335941968428,4.262989662389266,0,20
-48.226733206356165,-18.07253823197111,12.257679033122775,0,20
-21.938060580996428,-46.31553804839784,6.177124616166843,0,20
13.872962029767452,-37.83022621905445,5.91157756643959,0,20
46.61460318742706,-9.764762884478795,-5.427199350232838,0,20
49.680244016502016,29.370368553177734,-5.187398859370401,0,20
16.823025770375562,52.239828401707086,-1.102852851110605,0,20
-19.371194588781844,38.21300017787247,-0.7969394708436472,0,20
-43.47893213847975,10.88300573965376,4.399895432703575,0,20
-48.643745839559266,-28.5641556084783,6.520415380098827,0,20
-14.151489374440668,-49.370874723719815,2.982067974137041,0,20
21.67645709286849,-37.118037882841804,0.0949093752557495,0,20
44.30594438949439,24.17926539425753,65.1285667989069,0,21
8.918305780563552,45.72015875509658,63.97530248513183,0,21
-29.60704533125979,48.79765751523012,47.840156194017226,0,21
-55.42141721623976,14.294048749194253,46.00189099541764,0,21
-41.80646274884974,-22.4981992806459,52.881038413058604,0,21
-20.273081607574664,-57.447956163239326,55.07118654726322,0,21
22.16193655956745,-51.68564240138935,59.75071551817907,0,21
43.841476565489835,-18.012034127275264,58.01650958907121,0,21
52.351878182602455,14.659034255625768,67.34274868370585,0,21
22.054139547276396,47.37312851287428,68.25832011905881,0,21
-17.65264323056279,52.66085889486245,57.301739738010525,0,21
-54.218720348729775,28.768723478873117,47.77855186495445,0,21
-48.27495843855766,-13.178850724696069,54.693851559759324,0,21
-32.13211174969066,-51.183481623403644,57.85917310457011,0,21
12.075932057139516,-58.47645662241268,62.64947825329167,0,21
38.36568977586476,-25.58776771754996,62.70205966881518,0,21
51.07599125728404,-27.720528174817996,-4.835267363866477,0,21
54.7602456133641,10.492693036706942,-0.5783156930312394,0,21
34.698910711530864,44.47028369255971,9.494097205888643,0,21
-5.683400053175195,45.79601274917333,15.116390303887464,0,21
-36.66917209572762,19.290032766225394,12.831527924864165,0,21
-29.846727543677055,-19.80381239333197,9.473556855752012,0,21
-14.461410129870655,-54.24071878397532,-3.3120098505946487,0,21
27.22714248714316,-60.517978944841225,-8.005358277394269,0,21
56.14779889559585,-18.32857343340972,-8.670607096453892,0,21
54.86361565916055,22.461248521477653,-2.2306825847608165,0,21
23.612983710231394,49.97007895924375,7.911802366928934,0,21
-17.371431513494407,42.3240023751103,11.390332620053382,0,21
-45.58663853499362,9.711486290322256,9.342864512123054,0,21
-27.99818980540472,-27.457469319583552,4.3053806849224525,0,21
-7.62416991461342,-62.31000062209529,-10.110654580676897,0,21
35.97200203501777,-54.34042165072119,-11.478988196154106,0,21
57.03629013574811,16.85452372952286,50.34434961684601,0,22
23.142414371249266,41.56148462244874,55.51682697661223,0,22
-19.566298879166943,43.57954503283148,61.47962979491681,0,22
-48.17996024301837,9.717735246868957,62.598430412487716,0,22
-40.54704656566508,-32.03960768413504,54.0753086298612,0,22
-8.098740567930607,-61.35047143380042,54.601214387498985,0,22
34.96930255674858,-57.54609292590293,53.89259612912503,0,22
66.6713904162065,-26.834877923707065,48.265513378503016,0,22
69.70096330974967,8.160651181036284,53.04212525450957,0,22
32.74281168937302,34.838144836226085,57.68178967953552,0,22
-7.8087829332098515,51.42039885785718,65.42363803225118,0,22
-46.8187088063725,24.019985737429295,66.6176538706768,0,22
-46.216530575586134,-20.888494720779054,59.793228378034954,0,22
-21.1115536529013,-58.85026521449043,57.925430689301166,0,22
24.718068040886223,-63.84201069125992,57.62889981813996,0,22
62.51873465068907,-39.01417798628994,54.07133753633442,0,22
60.069286702238365,-21.004830465747823,6.538283338715627,0,22
64.97455158667597,23.402877518919187,14.96677800199356,0,22
37.59846771123507,60.75095087314048,15.094568500711485,0,22
-8.996678039569415,62.17032703513736,16.78716209897206,0,22
-43.30050980480438,30.55914736904758,14.4973966355231,0,22
-45.57552606325482,-12.46145867816484,-4.646321990058632,0,22
-18.63528347256179,-50.60484328595266,-11.80649445300287,0,22
28.032755853664757,-51.30693054287305,-5.112435064487744,0,22
67.9558571631706,-12.050636640075185,7.42259758612878,0,22
62.68388717180656,35.42463641563137,11.189743250323605,0,22
27.011512528976322,67.67958141478593,12.717570984735477,0,22
-21.55567219901701,59.872720357144686,13.815329546074125,0,22
-49.02317225798044,20.99952506350197,4.422644883529563,0,22
-42.44812722764018,-24.57068156044199,-10.993895394272332,0,22
-6.490072275936032,-58.2027929237661,-15.989642438688065,0,22
40.82419661315573,-48.45542621130249,-8.285954122270692,0,22
50.53445183475824,35.25361441559603,52.10201014163437,0,23
23.536709695087577,64.40091167512396,68.58000028920745,0,23
-18.69088422616379,58.87638092818703,67.12136243695704,0,23
-42.177868497630584,24.990320647533263,63.73552699184857,0,23
-40.74667688170114,-13.850026242246445,46.21855078285212,0,23
-10.178618745789857,-44.68852378035483,48.64258263164768,0,23
30.948410929499037,-37.94290364406377,53.984561424839946,0,23
58.83384354033225,-5.036562385329691,50.52340937787569,0,23
58.85543068902533,22.46709904323889,54.18858461518936,0,23
35.736315863075426,56.22819284978462,68.60264138816841,0,23
-7.661445798782802,63.39184773276497,72.73242951181616,0,23
-39.80092119938377,34.19327921048525,68.6063003143145,0,23
-46.977234561476635,-6.093809967620763,53.08050349542895,0,23
-20.496151668241456,-41.86043701124425,50.38334959380941,0,23
22.331957960791676,-46.70872166501703,56.596985867093544,0,23
59.437273902592125,-21.166031806480014,52.72179421413738,0,23
50.3823364983528,-23.939066816893252,0.6515722440571357,0,23
53.709226908033834,19.070482262499358,-11.706378215237757,0,23
17.608681214170335,41.9231848169049,-8.27967254587063,0,23
-19.6370426179931,59.26815349013849,3.8428061233353152,0,23
-54.17061024245722,30.62795249803361,10.188774206101312,0,23
-50.2946376184936,-11.863627842477745,12.183830539061846,0,23
-23.49180916991051,-44.913798254693724,20.94816808336485,0,23
19.17235759913827,-50.16000456194385,12.913397574734832,0,23
57.107940619118374,-14.869549576593336,-7.7179586419933255,0,23
49.81791983868253,29.415121861645726,-17.14707328687864,0,23
11.96216216183333,50.72000854773522,-9.997391667284088,0,23
-30.8415960355577,54.49157514256855,1.7883071167874094,0,23
-57.64641813588779,17.552851611418614,6.23494395180623,0,23
-52.063075037541914,-26.34686994623902,11.256538348691516,0,23
-12.905979049872913,-50.08112379666297,18.055175589839155,0,23
29.65278680933105,-47.755266261215255,5.50492331456485,0,23
45.40296764082674,31.84816811685355,51.356311228451986,0,24
11.843329895492204,52.25156757491049,37.253911766850024,0,24
-28.968013334942952,49.28918462615272,36.7519894494465,0,24
-59.30363175731554,20.158434757913568,38.092086840537846,0,24
-55.13574387926997,-20.278127020106474,50.26737155699347,0,24
-21.466268264309182,-41.37259949916737,64.43254277978247,0,24
19.438643680958013,-37.09580516681056,67.44032853438596,0,24
51.064014595674806,-8.86975716017516,63.223108180265825,0,24
52.28045620404831,22.562818345781558,59.27404351097099,0,24
22.497333543743714,50.59498517972613,43.29199538096012,0,24
-19.881062952689653,53.142720633433434,40.19365679023894,0,24
-57.395480086829515,31.692165332306228,38.55092959123346,0,24
-66.70556535625721,-10.519023723988738,50.112372523223236,0,24
-34.45040952212304,-36.93596229375045,66.0904014172845,0,24
7.562438330394874,-41.078467938890824,68.32030699657508,0,24
46.91061895401748,-19.797120328353387,73.25995822366502,0,24
41.8972866204681,-24.07938254848104,-6.389365014240903,0,24
52.606195451383556,15.470872042782087,3.8729281836897336,0,24
16.691432396745146,38.69140190216828,8.583585719022105,0,24
-21.456693693346526,38.070397980580545,14.109737213678493,0,24
-61.45982274927333,24.610123716878036,9.011751958486373,0,24
-62.18960201543984,-18.966419669247372,4.721113262273672,0,24
-28.805890241113996,-40.47477636060877,-2.2211099478751617,0,24
10.121971810033775,-50.09478017876993,-7.025255256341068,0,24
47.94106894847017,-12.920394329084916,-8.262194826821467,0,24
49.016341528486144,29.523546428446796,2.7362433123440963,0,24
8.584683983867228,45.99337347579113,8.5715397624641,0,24
-31.73046452354641,41.832690633233334,9.733398560121794,0,24
-67.02084043251286,16.2562323924796,4.033804698154215,0,24
-57.71367685107688,-27.593993155535948,-0.8401307495363788,0,24
-20.3118297920609,-45.29412048767727,-6.966381732666752,0,24
21.76767612189963,-46.528736898052536,-12.691696927257055,0,24
44.669153886804,24.43011682719436,51.73334652550972,0,25
12.941052360296958,56.38593266672106,66.84794123145493,0,25
-31.45433625725361,46.70520177671733,67.02336593004469,0,25
-64.51788827336958,16.37168627502908,55.6942104339281,0,25
-55.74289709804995,-28.72487610251776,53.00919808693578,0,25
-23.271434894188502,-58.70043918787554,48.61713383732261,0,25
22.62471403758728,-57.42307678041352,45.31458820116159,0,25
49.373884402695346,-19.67465590144694,46.05927185066811,0,25
50.347637962535146,12.74417653098292,50.62903478452054,0,25
25.44467127844304,50.76605556784292,69.18292014216554,0,25
-21.9983690323704,52.91674644630975,73.5782174751258,0,25
-62.1318951663731,28.41724854159232,62.10650112803781,0,25
-65.90796681081076,-18.835703777413208,57.82681704960049,0,25
-37.68217792444658,-56.55359270107141,54.05620741985053,0,25
8.839353473128934,-60.72265644611478,48.16474282923172,0,25
49.59594507008164,-35.688706604966946,50.65894611303161,0,25
47.06218157894757,-21.063729355615905,5.8381653056968,0,25
55.19734921451012,22.753312702082603,15.408212000608152,0,25
17.759473317017218,50.609028980210724,18.267758648987183,0,25
-23.260391877470298,51.950397048015034,7.677291208583257,0,25
-63.2703087944039,36.183295329221814,-9.79713293076704,0,25
-60.789202531667684,-11.245143087145667,-11.821252444857212,0,25
-28.879022322071016,-40.3519262810088,-7.619817173829996,0,25
15.632026400372736,-50.91035920950353,-6.613089125669922,0,25
54.76590545515234,-10.554659912109315,4.8196914914859414,0,25
53.489734999652725,36.49508952440426,14.293876244432637,0,25
9.74010038690949,55.86759484195767,12.954479109165923,0,25
-33.7261761084148,57.39820024955978,0.8095770070169424,0,25
-65.99339995910915,25.167899594670736,-16.142178581829985,0,25
-53.57392717608252,-21.640236101263177,-13.325943042073881,0,25
-16.97325669657462,-49.05077966619869,-14.422440249736743,0,25
30.36612028236374,-48.7561123325058,-6.286854394028281,0,25
52.94391906349047,22.182120456011564,56.18582994592946,0,26
22.47134628708806,48.18727545243683,52.94178466141951,0,26
-17.069528567292664,41.30516559251053,55.97969933550827,0,26
-43.342053897539095,12.527465346749322,54.955793421957885,0,26
-44.540023395121366,-28.26728366334073,57.66276947486067,0,26
-9.988702684785798,-49.84168298916423,55.4141111309445,0,26
28.4971035326065,-45.12961024586481,50.61345925036555,0,26
58.82313693407974,-18.07046480784458,54.190836887752354,0,26
56.50371462507264,13.699285256199309,61.24631317208939,0,26
35.756535644780456,50.241596937832966,56.357759436913646,0,26
-7.229741292478516,48.24995119951015,58.59976340124323,0,26
-40.30311153534316,25.622657109882297,59.27408768404674,0,26
-53.25934737271075,-15.480404464033255,61.36817402572524,0,26
-21.141420722061323,-44.29975664781073,62.05795792209761,0,26
18.568004874983767,-47.06068021591789,54.81379654294434,0,26
57.803152499887055,-28.7180216971162,56.06686130241266,0,26
44.68815597344304,-33.239374182696274,4.28202326338635,0,26
49.39481012743139,8.524625205276665,7.6147409042874346,0,26
19.549585305830515,37.03230393173651,9.994792643564175,0,26
-19.908577259872573,32.59439228082396,6.570709178542853,0,26
-55.33950486394882,14.385889157634892,7.552754947080485,0,26
-63.59649923094335,-27.15387586608083,4.629057742374444,0,26
-31.03365938595469,-53.49314362936625,-3.7898790237230555,0,26
8.027360773947798,-49.99464549247058,-2.849241902892345,0,26
53.859048520235746,-23.542844201677678,1.0026825654937872,0,26
45.488127548302494,19.14284682915745,4.319255420865111,0,26
9.583641706310177,42.807479570795756,6.670387944206941,0,26
-30.372707442138076,31.48606099066281,0.44911245801059385,0,26
-64.99893470255819,7.008596447016692,4.137245183640825,0,26
-61.366258072937335,-38.64253859447454,-1.5021912473070769,0,26
-19.601083909955733,-50.185889449738156,-8.278866244740122,0,26
21.060401761478577,-52.88718626632364,-4.7707002563416046,0,26
72.9818317815351,36.18188209758974,55.37903379539353,0,27
26.861248548866385,59.84047076952156,72.83129733335542,0,27
-24.685274752577076,56.01296152545296,80.3588407461786,0,27
-60.00743722150721,15.968852135558187,76.33057266024483,0,27
-61.72646618760937,-33.42552574608744,52.70577683164706,0,27
-17.648987826873274,-60.91585435168383,38.68478415531024,0,27
35.482932525731876,-57.08415333211919,37.55017882289451,0,27
68.4221867306616,-15.920634844768554,40.1030489985791,0,27
78.22537255895521,20.68336674512826,53.83750700845871,0,27
41.67028086169404,59.29055503591948,74.41388937601981,0,27
-12.63013509764894,61.05724001699309,82.96613694929316,0,27
-57.98694117123089,29.72994782333737,83.85955138410007,0,27
-71.64123134017542,-22.055931277073235,64.12784752405184,0,27
-34.15816911336579,-58.717884639951976,43.97373616133781,0,27
20.740933326406825,-67.03172432697407,40.311079625797575,0,27
63.3733135449111,-31.666360986136965,40.45543922701323,0,27
62.44191674595966,-34.85779220394513,-13.148451256617808,0,27
73.58934035739475,16.89304375206136,-8.415352328636878,0,27
38.308916374575354,57.626510381194294,3.532639391841064,0,27
-14.59869757635709,62.920155153897326,12.95061956052838,0,27
-54.73016760780826,25.985666346980715,25.782423900083742,0,27
-56.07505646966984,-27.137652347609407,11.505530566340479,0,27
-24.184575707930183,-68.5517305273817,2.114816003912199,0,27
30.333719047661113,-78.7690736499581,-6.674878542716098,0,27
69.05617221047775,-21.919130004200614,-17.11393191572453,0,27
69.59942765816785,33.501834147891536,-8.920542095843189,0,27
24.3617896267851,67.93126423616002,1.0408706470317943,0,27
-30.674859131425805,63.40333970547681,15.239783330582664,0,27
-62.78022917216097,14.863248206755216,21.486120532051878,0,27
-53.3546528562743,-38.68993953592679,5.020388695808196,0,27
-13.268877289851586,-77.74063535476694,-2.8675717148604534,0,27
44.17860532677798,-73.08711975783169,-14.463690657882648,0,27
49.76997665578416,19.476849379282573,56.86484435976432,0,28
19.135378787645173,56.803554754905306,51.81397584442755,0,28
-33.26389637399006,57.849160406111466,48.92440674714011,0,28
-56.33054896931116,13.149973803434955,54.25925102927234,0,28
-54.934650524799146,-35.043652970093376,59.69809679895824,0,28
-18.19209140661683,-71.50631491155687,56.226804919296114,0,28
30.395419738057374,-66.37574985845517,69.32918776797312,0,28
63.34694427276041,-27.70302353114961,66.582653078907,0,28
57.461088870273514,8.504599915455618,64.34128956063185,0,28
29.44131107704854,49.12689619131061,55.24156710300067,0,28
-22.1840433836706,66.66162569537582,52.57112575034266,0,28
-57.35323843713142,26.451124465116315,54.73364276280268,0,28
-65.16570954035994,-23.323970251191053,61.955088634236105,0,28
-34.49132399754719,-67.41160686333042,59.424557374084486,0,28
16.031762051392942,-74.68973935881979,69.64919511614762,0,28
59.25574011695645,-43.948955712080306,72.11613984738464,0,28
63.43907003408682,-28.577831809127524,7.605053952212116,0,28
62.04285916777325,20.56874052764814,3.4704732222762065,0,28
35.24069203082866,63.05174703295689,4.803056110595637,0,28
-15.445014736390995,66.06287911738487,8.386293424623576,0,28
-54.42008128160131,33.955221330768815,11.007176016341177,0,28
-52.78771761720619,-16.571981676596955,16.06457280657127,0,28
-23.696431552930836,-56.43881760241052,4.9941469790303685,0,28
27.002823615515304,-64.61065738514492,9.37945758131205,0,28
67.90832373121951,-14.774303310360857,2.1229790674117037,0,28
63.178344478244895,37.01101738740798,-0.027263826063040675,0,28
22.17630142834058,70.3070285824421,0.9632784833828865,0,28
-29.936986288254445,64.46329104123089,5.623862258393784,0,28
-62.21313197568384,22.480004451721886,8.081797587257157,0,28
-52.84294961790628,-29.277429988246226,10.892238056566773,0,28
-13.770070308301188,-63.4353953868042,0.12288716157767077,0,28
39.97496125931232,-59.365753440606696,5.259185930531158,0,28
61.09250768366111,36.198310161259954,71.71101412158617,0,29
22.12763111539955,64.00017933371402,67.04145085436578,0,29
-22.714584154078068,60.374565326895606,54.978359303193315,0,29
-48.051545975316905,24.172760705371406,37.335941537725574,0,29
-46.45015245247287,-22.577325866694956,39.73249488618104,0,29
-13.376468027153576,-56.73964043826039,43.6995430092159,0,29
31.26013307647444,-48.539738230689395,60.105997725763146,0,29
55.29288788357992,-11.41651943074817,70.65127527664316,0,29
67.26838043645482,24.11719324194549,78.1901285153307,0,29
35.161867336393016,62.863147290081905,74.13720171454257,0,29
-11.164204913416182,66.5971947400091,60.39356549195421,0,29
-48.73036248786755,39.40063106693272,45.081608896790534,0,29
-55.33685813027915,-9.48667518565435,40.45375186252652,0,29
-26.3653814394777,-48.372950702142035,45.78606022692705,0,29
21.01153938395453,-57.515328319615314,59.961717372013716,0,29
51.47127699739105,-22.309290211524225,72.80566541171143,0,29
64.24620271835855,-34.07161042020193,4.100525274840502,0,29
58.022071861442605,14.958366908527067,3.1843367924692085,0,29
22.563080655208893,41.289069460520516,4.405413547169628,0,29
-19.911828632716837,61.30579769180694,8.47875412976494,0,29
-56.34690531402369,28.87712746143372,6.085242432393974,0,29
-54.3343231840339,-17.452142310181873,6.102404911537353,0,29
-23.18458733778535,-51.889041251703425,5.626068795601311,0,29
21.82873762862209,-56.15694696218943,-0.09297929100394597,0,29
71.29465953648929,-21.34868159413309,0.3726900836371927,0,29
55.08932733409872,27.103186005500774,-0.8094036154369242,0,29
14.945488941706717,49.52976130000802,1.8370460540552909,0,29
-33.68173543613747,59.16594191762892,5.859129796704573,0,29
-61.98877853937265,17.220035221151914,1.4988450745631203,0,29
-51.96139269239711,-30.021740366625743,1.7383688498224674,0,29
-12.933227755155693,-58.86593905046936,0.29824622552359514,0,29
34.60352459777708,-55.25414161235309,-3.0089722531536776,0,29
44.59361023694163,27.12857252591106,59.40207213272229,0,30
11.789242239254243,56.0259966648664,67.13422789933513,0,30
-31.853134440086173,54.14763522673948,59.20764344660118,0,30
-60.10148010269607,19.799166001598124,52.73134266775396,0,30
-51.09596278189834,-23.38386445333025,51.32002399821882,0,30
-21.649618485912338,-55.35992338385069,45.87079133415083,0,30
23.36792241690732,-50.689753884565725,47.13576179359232,0,30
50.222521208637055,-16.229644284337112,54.45721596308086,0,30
52.986372044505494,17.776043837343508,62.01161874895564,0,30
22.377574965142244,50.619773985388555,70.78711109976146,0,30
-22.43636856018292,63.703503923872404,66.58719356260173,0,30
-55.752552722872316,31.97340023441429,57.24618573172003,0,30
-62.226382660150286,-13.442175713522369,54.50857060107674,0,30
-34.92785132335911,-50.844794052836676,51.53651317898032,0,30
11.378795728429077,-56.87852215561679,49.50500237794793,0,30
47.298688913553676,-28.541589078947567,56.895918391590435,0,30
60.11746586132144,-19.844240824527756,10.488985505360807,0,30
58.49666677515136,22.49085854998904,5.558080771904392,0,30
34.18355179956129,56.83786798869455,-4.615598049170468,0,30
-8.471122165969454,56.78438967845744,-14.188929014530853,0,30
-44.56684478317803,33.581276876204996,-7.714908800387771,0,30
-44.25665529447415,-9.951574360216696,0.2207387124265433,0,30
-14.661593977733574,-36.84760905827851,12.22971555964355,0,30
26.53943053296358,-48.81161514102368,16.847134090808066,0,30
63.63523722900133,-10.032879854057603,4.821724920475872,0,30
58.90709208639855,34.20887370879274,1.5583873490576339,0,30
24.645801972083895,62.09407834057402,-12.46260649419934,0,30
-19.146875819918783,53.1641184333943,-17.14733641712026,0,30
-51.85229104284513,22.28041374837412,-9.922167608590398,0,30
-40.09668814847552,-21.65498575286413,-1.663858870176583,0,30
-6.116669109651834,-45.258925636658105,11.36892505992135,0,30
40.16980252741975,-49.00758375476862,12.754211073314794,0,30
48.82209948479252,29.27960172704079,59.08948350260865,0,31
18.444236070287293,57.90604439147214,64.1472893372623,0,31
-23.575696175936738,56.380481548027,76.93885820234696,0,31
-47.34333159594662,21.013130615174745,69.44218935015894,0,31
-47.61749936170472,-18.503783799528684,54.238553395318306,0,31
-15.355209223496736,-46.95262619326076,47.32018416410565,0,31
26.914506138980606,-42.66227409164919,44.3154591459363,0,31
57.03972414961686,-12.097632569896673,51.416243927120156,0,31
57.30957824304332,17.42068606303768,61.32062504948419,0,31
32.92477706181411,53.477682490513125,66.11484833901929,0,31
-10.420209414910087,62.33616295059501,77.61473687003476,0,31
-41.576220473105394,29.958710158108822,77.75639014103703,0,31
-53.06940092810021,-10.249551011199141,61.926309652138244,0,31
-26.089473723774493,-44.58302971435624,48.83312723462681,0,31
18.265380780528492,-49.50832409634892,48.796986916753355,0,31
57.27076201783233,-26.181122296398495,49.909456881694204,0,31
52.022447753024146,-19.17031128342457,19.57208231973847,0,31
46.43452630487415,23.31021424903575,13.74431895743691,0,31
22.431433901586388,54.816056677739816,3.5329642205036516,0,31
-16.491772111710326,61.51195772304401,-14.611215762725296,0,31
-47.86210201926343,32.113092735440276,-13.63832377661496,0,31
-53.50549513110651,-9.924719131268498,-11.840772682041765,0,31
-24.627269652697393,-37.94931646349243,3.7002763423827503,0,31
15.765776012433761,-42.88027558833487,11.472551612235648,0,31
58.13679188779755,-9.706638954545317,15.661048019074483,0,31
43.39597830863828,31.362440654562473,8.688850828832448,0,31
16.685232142683926,62.32511578257884,-7.270215774558929,0,31
-27.34566466224572,56.76794828865418,-17.719428670276688,0,31
-52.91475330075122,20.94623096040608,-20.12620231199856,0,31
-50.43034727814208,-23.08364080113747,-10.972239412083454,0,31
-13.799984135250124,-44.42134263951814,2.3224477979431173,0,31
29.668288367937,-46.09892433342395,10.028569722672618,0,31
54.42253833939648,23.810512402370676,54.07164426681264,0,32
14.6349236845089,46.52654711956859,54.32215673916845,0,32
-28.72723270503623,40.941352064607734,54.95869633391319,0,32
-66.57813137239293,15.19943624504938,57.20740375420477,0,32
-60.834832642328124,-33.13752056144714,61.36165573288831,0,32
-18.436784414329967,-48.250273121222435,54.94364385078322,0,32
24.74970322262544,-54.42849835228087,48.515528681978346,0,32
59.85467566852605,-22.47085456679522,53.639243461724675,0,32
63.280824708453785,13.500270298250713,58.50399553917364,0,32
29.46905767960574,48.141643284319024,57.929040735071936,0,32
-16.964922584278227,46.8488171957707,56.80575694784415,0,32
-60.287731557548874,29.023267483027603,61.157893684163625,0,32
-68.50718078335757,-20.181592379845057,66.55513538133727,0,32
-32.25461084693912,-51.463674615547575,60.154300486103644,0,32
12.921513186288896,-56.8364134804655,53.21377295160954,0,32
55.90402979254657,-34.93133680363166,54.84946567280596,0,32
59.63470416893874,-32.15628103239739,-5.659096586820381,0,32
57.00704899632828,14.321695729514595,1.397439623456667,0,32
29.971385649104498,50.296893261369455,7.047069171121846,0,32
-16.41015715961814,56.34601833802417,13.088009571805296,0,32
-51.073712461272265,25.2193719125155,2.0776430271619426,0,32
-54.22121847065342,-21.27922858919633,6.626098202628767,0,32
-24.754714295282845,-56.773462595543066,-1.515524372045355,0,32
20.87845991750787,-59.06798423589014,-6.019438710331696,0,32
64.71739790003775,-20.617504895587984,-6.709519880131123,0,32
51.411501429464295,25.950192659623788,-1.1190482682358587,0,32
18.11323976348567,59.95613403917944,6.251284351149361,0,32
-31.861030389444757,55.996229751149485,8.706874496206764,0,32
-59.95755207542102,15.90094804092203,-1.6618384716016545,0,32
-52.265115776020004,-32.94615904198508,3.1588600255351507,0,32
-15.18501608941915,-63.068017650174525,-8.075828077036782,0,32
33.55307102306615,-59.77949351391965,-12.749458474734746,0,32
30.35253427453528,15.573655276328367,55.33414986654623,0,33
13.709613863291517,47.08636459941317,55.47905596180084,0,33
-24.228539347186747,42.373219754625936,54.30484351737053,0,33
-30.14599953856508,7.865085138124334,52.63252378267409,0,33
-39.120544084098505,-25.214686228868672,53.13407020519664,0,33
-14.220568739046538,-50.64172791381521,55.2821048666386,0,33
22.312107711994866,-51.56512634656083,59.1259263857786,0,33
33.88616675400253,-16.69210589248925,56.239636612096405,0,33
32.72930620754342,7.643112845486303,57.729495400845394,0,33
24.480833776959024,42.9492310427027,59.50582866456344,0,33
-14.234104963417238,52.10048714426836,59.42187707616574,0,33
-31.606720895008273,19.09541318814165,55.522394979835774,0,33
-39.23916955163987,-14.908241657430159,55.15702114913303,0,33
-22.367124788991646,-46.66056450773611,58.309576163501234,0,33
14.09309373083639,-59.25632697239731,62.916437055328096,0,33
35.02934596928876,-26.309683122777347,60.45217454854625,0,33
39.14499667070523,-16.725287757732257,8.796847027598034,0,33
43.88701428854738,18.144214472976074,-0.22728489841540878,0,33
18.89065362533221,42.003064500819264,-13.509999229241679,0,33
-17.28469460197493,48.852272022169444,-18.285166589992404,0,33
-43.34621873120072,25.05693081362524,-4.7081836853975085,0,33
-43.39265267052954,-8.089761433334852,11.387799267094696,0,33
-20.320154943766916,-34.78879417728817,17.860347213287575,0,33
16.322223803724757,-44.2631925304878,20.193262357117714,0,33
41.969345685666354,-7.853104648055726,4.016546005174213,0,33
42.53182809251163,27.747669405907168,-10.138723038989156,0,33
10.56144070585271,47.038925986571265,-20.57684269529401,0,33
-28.18470819927187,46.58800045146377,-22.29032974085087,0,33
-47.60529859177156,16.925295254490088,-3.8684378975784623,0,33
-42.43732791725418,-17.75208219890164,10.35430727650041,0,33
-13.661525812788309,-42.34008162930156,15.052532964140056,0,33
26.0269860579396,-41.844924144992795,13.161748187232849,0,33
59.24428430352307,21.190869054868273,54.88162670193679,0,34
25.60337632266853,55.417274846742785,51.036591304586125,0,34
-22.148598482350934,47.587338372517685,56.68383111139343,0,34
-54.006596040875685,11.976562924288649,54.16752659317465,0,34
-49.901265970178535,-36.0440967884788,59.40067683771939,0,34
-12.684460237487102,-66.29535873939757,58.67090778327604,0,34
34.53269595478313,-62.20416349702448,53.74535819040532,0,34
66.39058643232865,-25.943403930365715,52.60056215684081,0,34
69.1813924494789,11.545154696696528,58.15318943866436,0,34
40.72757570994473,52.73744864526218,55.86239430921969,0,34
-9.654851685895615,57.1026740983393,58.74278197751835,0,34
-48.606192550603055,26.24217801201055,57.738042928485584,0,34
-58.10695338953351,-23.077495868709825,63.06600501862802,0,34
-25.887376186787286,-61.95938908758671,64.29289640863456,0,34
23.15007190149862,-67.72597643598385,57.51866611620732,0,34
63.66915549481039,-38.09905915683278,56.782387645791,0,34
46.86128719319492,-25.956204046236707,16.062679329361032,0,34
51.43135631037945,22.26275775726724,21.15384624145735,0,34
22.338633403881882,58.978817152910594,12.274241411067194,0,34
-21.501453564100576,55.6537512609194,-9.468498023714496,0,34
-53.81255804187124,23.136280523571877,-11.78440041697704,0,34
-67.28771638640616,-21.91718710956336,-14.109523770901838,0,34
-38.06914030892642,-59.17501323645806,2.0893733770117264,0,34
6.5319546001202875,-48.16816412503618,12.570461144414768,0,34
57.47216232915912,-15.443047362946096,14.100979503419488,0,34
46.899215697095315,34.248360500508134,15.975636598310814,0,34
13.310117014342971,68.75834842233229,3.166113194950686,0,34
-32.92994323242357,54.87189435640436,-16.58322605653841,0,34
-57.005582030272066,13.568290881491682,-16.027451776232454,0,34
-65.28281050513637,-35.79240495549449,-15.356619247219957,0,34
-24.86693812559358,-64.6885072714198,2.2872617817566736,0,34
19.53184895732015,-47.484918993176265,12.004031403448856,0,34
46.38824595400653,28.61061616098825,62.05746880632367,0,35
18.249899303666613,57.41487898469358,62.114681112686256,0,35
-14.923516416218279,46.415449857918745,47.47952036865399,0,35
-41.450750063121355,20.366872949760758,42.32467465987135,0,35
-31.585481383934717,-15.29887770684178,51.21763718692863,0,35
-11.681427476351363,-46.710245328955295,53.25608015433011,0,35
28.382298535999944,-42.33133103428699,58.06809233959829,0,35
38.15453576097081,-6.829034295523709,66.36732079514542,0,35
48.893041645953886,17.28797322443085,67.45136225104635,0,35
30.744340110290945,54.442115498421124,69.00423764313038,0,35
-6.360974788569895,52.784687140777855,53.55684457154424,0,35
-37.07423336205707,30.054122622737534,47.63477748881412,0,35
-37.48806611190025,-9.146443652343873,50.750636740450766,0,35
-20.84948769276847,-42.72306153438052,56.935688588440726,0,35
19.977332310556392,-52.56243321323591,60.353222486026546,0,35
38.78440908131862,-18.15144371315596,69.14598300232959,0,35
42.9261342737676,-16.769894374735156,4.34699819926966,0,35
45.965251361278526,22.435656150497252,7.0135225381415385,0,35
16.39497852011176,47.293115473888925,7.744366605606928,0,35
-20.403686855378034,53.29386211183978,8.291940405051662,0,35
-53.95638491661865,32.68581041126487,7.342975583863023,0,35
-51.34302290624083,-6.821174927955435,8.143779516990895,0,35
-25.435142976879835,-33.730967319362406,2.8647470787837928,0,35
12.766425462893901,-42.310591271944965,0.8576354062610014,0,35
51.041376712539424,-8.898497073771242,0.8368912746772974,0,35
43.44924211059819,31.729328583396576,3.4696964460189115,0,35
9.270100161996265,53.04648118264698,4.088153890630802,0,35
-30.477890337799277,53.02169659832028,5.729893122174461,0,35
-59.38137470966622,22.58508689027707,4.5727624843009345,0,35
-45.77772037131084,-16.33401639703071,1.929256782140203,0,35
-16.614158798786804,-43.63430096825797,0.2835515244299618,0,35
24.933182417755066,-41.082190556750554,-3.646686045283579,0,35
51.96656774111855,24.918787711870525,49.04182987846757,0,36
17.064558845966406,55.942065094190916,48.69149758249107,0,36
-29.192004470939118,53.71071839957183,58.99981850986154,0,36
-58.282442606372626,16.519696530337818,67.01121896609416,0,36
-49.38315001623841,-28.766525855284524,63.759237183025064,0,36
-19.765835219388944,-66.14154976042933,64.68741593778026,0,36
26.4626603711314,-56.0548138788727,55.833238517748434,0,36
57.933781673058505,-21.82093532032835,53.82867552654271,0,36
58.824104776057375,13.761913309430328,53.32076340273716,0,36
32.7070821223421,55.438602885135346,50.75036436084851,0,36
-16.025965257820086,60.018971291469306,58.06265232135545,0,36
-53.87111143984498,30.534526103178372,70.10659750401285,0,36
-56.69795021261755,-17.928380309249302,70.12961118979709,0,36
-32.808749229467836,-60.82549445309639,67.47947377306632,0,36
16.713017453031647,-65.5899863569412,62.900100824033885,0,36
53.97946730374198,-34.07000688725396,58.82685878991939,0,36
55.48826045303366,-26.041531455770635,-7.226026897741456,0,36
55.31614745725501,20.19360053185903,1.1459202012801022,0,36
28.303988396895516,56.10685265169819,13.055186164124855,0,36
-18.60658803923697,66.11250807483636,21.73128824321751,0,36
-51.2409029924682,30.28137833720989,14.556569392044267,0,36
-51.27767212217328,-14.099111264577274,0.6239966498480332,0,36
-25.2485230065855,-54.09939478633908,-1.2489037741111,0,36
22.06971032488874,-60.6796888252555,-11.364226990835565,0,36
62.960672239189925,-13.0147204876183,-8.077994241189725,0,36
56.40375935474936,35.63641798113179,1.0255633444059367,0,36
18.311085347999928,64.34958544774206,12.109404306063684,0,36
-32.202720535740795,64.60664699998789,18.99676145605102,0,36
-56.74934655056952,21.374237527291484,5.624380595271199,0,36
-51.62955793109069,-25.422400230484552,-5.160936355334909,0,36
-15.220922148531049,-61.32362168635969,-6.118568781850533,0,36
34.09383626714006,-52.55025497528824,-17.767358968259565,0,36
48.77663737122719,24.91232343237622,55.145099756460226,0,37
17.295518396254252,56.11645132679477,55.35733727153544,0,37
-26.1845758075456,47.47591603995806,63.133951957022674,0,37
-57.149361878598675,16.074280810552644,55.80927996933724,0,37
-54.04660771726701,-28.456340391241064,56.29702885605674,0,37
-19.741561135679692,-57.39583816791681,49.77112330179043,0,37
22.82045630701465,-47.55555417802173,48.20392751066641,0,37
57.328389451285524,-19.113681743569796,50.416887562430624,0,37
57.35619947549818,15.22536064887691,58.66225628504034,0,37
29.789724029280713,52.23926298788401,58.958684631081965,0,37
-16.632313966313376,58.006030200633965,65.23402434230294,0,37
-51.64481303013053,27.63539274181793,61.36099305038417,0,37
-61.77872060351317,-17.252017739439843,62.07407457102451,0,37
-34.00148887465733,-56.02729156577212,54.444998823552254,0,37
12.094348874139538,-53.666875459341234,52.70311669462729,0,37
52.838030205284305,-31.92601421828395,52.98748437836328,0,37
34.44380539664609,-23.78339322931295,8.121068969899136,0,37
42.90288336541949,14.968051124304932,-1.164644450876168,0,37
22.32177141999738,55.02711495058261,-4.583886381669419,0,37
-21.855066587795122,50.11188508437249,-1.2845587371875742,0,37
-51.82654148523452,19.892135763461614,1.1701957689355158,0,37
-58.71120760629788,-20.8957979740527,12.318203930917777,0,37
-34.27681632376825,-56.50927451409112,20.428374949518734,0,37
10.229644697696004,-59.468055141727746,13.181964791045962,0,37
39.04090288106144,-15.573107964870399,1.8633329631977549,0,37
44.95758390423839,27.272675376147063,-6.054178484499348,0,37
10.73639634983382,60.10759080087381,-9.619014932354197,0,37
-32.179895130848465,44.34751956582052,-6.0565764937068565,0,37
-60.25604878964242,10.17704037135415,-0.22588065588729833,0,37
-56.78564386922335,-33.041290608546056,12.18198550027132,0,37
-24.514477901065767,-65.7809413250474,18.266934656325866,0,37
20.67250059179335,-54.93711331567077,8.61018728620188,0,37
40.30809098861197,21.760318013788883,51.25720693854256,0,38
10.86469921530888,46.071152929841155,59.02141650016397,0,38
-25.681308878248043,40.61840872012306,69.14785806169907,0,38
-58.312589507363825,16.635420867266593,60.77265629182885,0,38
-44.35222352595631,-21.9344546719246,60.49051672732793,0,38
-17.573877973685512,-47.22496146309213,53.4345789100854,0,38
21.383172010498534,-46.95758699229023,46.81036526589922,0,38
46.448249314186896,-16.33948047827345,46.46607711842772,0,38
49.59966661653279,11.818326975764395,53.95229170273317,0,38
24.458164001854804,43.26886230138387,61.14462217422553,0,38
-14.575973627196321,47.6197090867448,70.71118183422809,0,38
-50.49998390327444,27.179543795782234,67.28516816466677,0,38
-52.971964650918466,-15.210707877801141,65.11680900324667,0,38
-24.178398533306357,-41.45751812270192,56.84153673628791,0,38
14.102617960947864,-55.92032408965175,53.131876046451744,0,38
45.62540964101253,-27.958616392948844,47.014089873473196,0,38
45.43401345988582,-19.75166739879507,4.278131178851353,0,38
49.48325655449377,18.456876250821452,10.114392332103138,0,38
29.17835335330733,53.96987867657894,10.403745959755817,0,38
-12.173546208403048,54.141700009768606,10.369866272717713,0,38
-39.53077844423634,25.27065648943182,7.053092557468878,0,38
-42.56754016739007,-13.628516575185579,0.8384971223744677,0,38
-21.295885534917836,-47.88720521607467,0.14228751417583352,0,38
20.085211341625996,-50.75149453189976,-0.07955509360290192,0,38
45.78718928188762,-10.516992206565213,2.886224935231987,0,38
49.949067769538644,30.198968414189892,6.654261532432452,0,38
18.03031981619116,59.307515079460906,7.3671161590029435,0,38
-23.80158535244711,51.22126972686488,5.657586603045616,0,38
-44.78774299315797,15.537306374813141,0.9142635218999193,0,38
-42.453378806450594,-25.231759222835095,-3.337434408556875,0,38
-12.83662181670842,-55.42811628986357,-5.150645348001367,0,38
30.192758790251027,-48.555841867463805,-2.049680200272068,0,38
44.09558361113537,21.812025946073977,53.46733252812141,0,39
10.737298111160662,47.00775063352721,58.636342207232246,0,39
-31.7074725170754,50.661508250654535,62.04213449944503,0,39
-60.33787886294776,15.831247941814135,57.89069385019114,0,39
-43.10793230172006,-21.95565579374653,49.406699654757,0,39
-20.110256721061308,-57.19627560417665,44.23756982714591,0,39
24.203526518033293,-54.192620939205476,41.76692809613414,0,39
50.02561756179074,-20.222329410812737,45.98179620722867,0,39
49.18546817907804,9.436479140331933,56.47543810495102,0,39
20.653660519153632,43.3529794904408,60.94176605065371,0,39
-21.782996525734067,53.31868524166665,64.67183747711015,0,39
-62.518418924130266,29.158333737021742,65.16377832531278,0,39
-53.068669944154095,-14.601279345937787,55.3863823626632,0,39
-32.56418397099015,-51.89921355910377,49.53518919065406,0,39
11.741862805104873,-62.92263620245368,44.841460712301036,0,39
47.09641130827045,-34.141804713326884,45.809845337637924,0,39
57.72773192540944,-27.316218631621645,8.262831575125453,0,39
56.96660269580681,17.379287663342676,10.744239428484953,0,39
25.095653454610005,46.393656819149854,12.670401699207762,0,39
-17.27921852212789,51.11577845556675,9.92207736815374,0,39
-54.07637862495647,28.49747841893015,2.013995561590523,0,39
-54.804357580811775,-15.76756820273858,-3.949905614941689,0,39
-21.645379902417982,-44.05383251924867,-5.83310332960124,0,39
19.38941342367978,-49.04406140935357,2.414984516316217,0,39
65.1585487700501,-17.155062015185848,6.714152507604029,0,39
51.55184460671065,27.213690196793483,9.02773294908361,0,39
15.797884194405304,54.83477377684977,9.116816702452994,0,39
-28.879763199706524,50.03583784940544,4.433427710666414,0,39
-62.65132494900224,19.155286142111038,-5.66773792062994,0,39
-48.227414898881285,-25.629796691863437,-8.450849962684767,0,39
-11.782788772513307,-51.6456707734611,-9.913421140979416,0,39
32.6711482955142,-50.23682329457124,-0.9372157602333839,0,39
53.89156643123077,17.06867219500389,57.299886919307596,0,40
20.463094098686774,40.802395208349,40.49264191480873,0,40
-21.937132802481745,39.455895898053335,39.70730372713558,0,40
-52.856823723943364,9.307164142240605,49.14069768505894,0,40
-41.42886121087272,-32.49533312044789,56.76601439456365,0,40
-10.813587430571829,-58.88240382806447,63.882003333480796,0,40
33.264987991465794,-63.562853854044626,72.81859030831542,0,40
51.621189429919795,-23.44510589432036,66.8345233450698,0,40
57.00994400023121,7.094344273282714,64.04637859798909,0,40
31.8944462227649,41.03199291038227,47.800882160105104,0,40
-11.754763584524401,44.543009233729634,42.57139332967844,0,40
-52.499120236855305,23.97578103517041,48.06065877868966,0,40
-48.890390819446395,-20.566036448613694,59.05370240680732,0,40
-22.939222792260423,-55.153661847774636,63.6854340938212,0,40
19.561544503868454,-67.55984275357653,77.04220727186934,0,40
52.4902599065349,-35.45061317456737,73.86478193111876,0,40
49.79731438694027,-21.56311947167357,-5.049017806948344,0,40
51.007184082643654,21.418392811885667,10.101665384850358,0,40
22.503660769172328,55.15685755211214,8.200086356810248,0,40
-21.65363068606097,64.99823830594546,16.56591154919908,0,40
-50.33092763698208,29.35398468582386,14.488222041373657,0,40
-54.5594572504721,-11.504427161208433,-1.07259606138101,0,40
-28.643537282698457,-48.64242266664103,-3.49838949945103,0,40
16.4243668190035,-51.97434435060432,-5.846181080376857,0,40
56.755138347273245,-12.124026445604144,-5.278278230454566,0,40
44.547795375108,31.39823780412526,6.601476472051855,0,40
11.235715687037512,63.08007119721028,3.899764296569678,0,40
-36.09634791488491,60.01335488974606,13.955322645061129,0,40
-59.36043217139251,20.01722528839752,7.378501612262047,0,40
-54.943321144957984,-23.222502670276395,-6.5751344926824125,0,40
-19.614850624884447,-54.356095130646246,-7.494421264983663,0,40
26.30627899183162,-47.68665317622305,-10.868878185231065,0,40
50.40654062152724,26.165362796664432,56.21532510720381,0,41
13.836260599884524,54.05999052671222,47.50598142147218,0,41
-29.535471606733974,45.333057472780034,38.43873169205753,0,41
-63.85596862474827,13.820843298996271,38.43544861537457,0,41
-55.210973341561235,-29.779111784074956,51.36547981828518,0,41
-24.15942768395646,-60.11913624934034,64.77903575498203,0,41
21.300469308082242,-52.94486786811184,73.32104815916725,0,41
49.87205844615564,-17.95526161903805,70.22900101953023,0,41
61.48111991202856,14.509334548510717,65.30647835552881,0,41
28.834304136910802,50.83608719135317,53.65044167889917,0,41
-17.445706507804864,48.961796269255096,45.7702246370365,0,41
-60.00955493206056,25.84934166019151,39.47218590149156,0,41
-65.26569755754652,-21.511647711618636,52.197312634343184,0,41
-36.57073128664932,-57.463454317158124,64.65602167115088,0,41
10.631095244837237,-61.91795100742339,77.49021504377635,0,41
45.92996049880955,-30.093756771513135,75.69333953212413,0,41
48.41253784354921,-14.180048019425827,9.36170504678759,0,41
51.05530634992351,30.491518641724667,1.0375483856905374,0,41
26.160426932663853,67.67035623109925,-10.545074704186877,0,41
-21.00965221360619,75.5157697757565,-14.00421476241318,0,41
-50.39645592803339,40.03554805591834,-1.3817564233547648,0,41
-51.34545128898227,-3.3911192627931084,11.13128524025023,0,41
-28.044851513375825,-44.79299076550436,11.001227998032597,0,41
20.140204201968086,-51.50673903623749,17.967841611042267,0,41
55.74038226622381,-4.956539084994874,6.193351274720546,0,41
46.06903778012693,39.71043219021619,-5.953414318613455,0,41
16.674320470626203,77.53563130717086,-18.428132822107262,0,41
-34.18353348287987,71.01864061407494,-15.826080138418096,0,41
-53.87323482126979,28.091279585216167,-1.8050863416660636,0,41
-51.381514231245994,-17.899273356274932,9.698463703606329,0,41
-18.061819036605748,-56.45536868857367,8.875927081582535,0,41
32.47998583771512,-48.91033878390958,13.018888054160424,0,41
56.39186442381676,35.17788737149689,49.34690116423949,0,42
20.55705386251949,63.815960897557744,59.798526586945876,0,42
-21.946655063226967,49.83926900638698,64.80606226985091,0,42
-49.56221468055891,17.15127832581464,69.51379517740821,0,42
-56.75172545575801,-27.66454842567878,67.24098104994377,0,42
-21.47130310744222,-56.89813741135687,57.34019596688387,0,42
20.946495681459304,-42.904253606951286,49.56925045699901,0,42
47.61065513256094,-9.695967958976544,45.385014807009924,0,42
63.79004359408412,24.446495483958593,49.997656309409166,0,42
36.41615783520206,64.59702489291116,60.74388441490395,0,42
-10.304641913065929,59.24918020389439,67.74565436898364,0,42
-44.42206395657206,29.942305416666223,72.79143580389503,0,42
-60.26226712317411,-13.90106318231512,72.26584710188102,0,42
-35.590478494090696,-55.28632821807016,63.30498292776606,0,42
11.942324403617485,-50.084123406007805,54.76204914638318,0,42
42.54728528987664,-17.77077292090465,49.70179496813168,0,42
52.518959660664784,-20.75306684031167,-11.548071934233626,0,42
53.95517254349814,23.50334744075148,-16.77173380849356,0,42
27.133898650636706,58.068643094944406,-5.63726381806501,0,42
-15.43492038739894,61.281619720642524,6.6880327191273645,0,42
-49.63945675296769,35.605265905293386,19.476293449495717,0,42
-51.88763671988631,-9.903212845286841,21.785264968077062,0,42
-21.153571715549234,-40.990190950628744,15.15416236529559,0,42
21.20801111523564,-49.59727245344388,4.7323250455339885,0,42
55.90823910379865,-8.995826100526193,-19.135781989732106,0,42
53.19372485248148,38.4737755601431,-20.14677249229549,0,42
16.27228054309856,64.59031230825683,-6.010818599556993,0,42
-28.972610193139307,61.62929516988852,4.3565169372201975,0,42
-56.16468018518284,25.28594734326338,18.39644110113807,0,42
-50.3847639656073,-21.468895327207054,16.333208318668518,0,42
-13.696975307777757,-50.27559162977236,11.086431238314596,0,42
30.977948739721597,-45.37584273599392,-3.403704192806413,0,42
54.43150958524321,26.692610215695037,72.84920107901539,0,43
22.66260407190094,56.82297681470172,55.50260452686973,0,43
-22.085694422577557,52.79563519112203,39.85255730661454,0,43
-50.9080123669786,15.513903033548115,34.01716410624195,0,43
-47.4216185861052,-31.255954711228036,39.37389372193539,0,43
-15.312046332371155,-60.624243639283435,58.016201636079444,0,43
29.25012406077985,-56.746106609890475,73.56947186004872,0,43
57.98403552960693,-19.707998925863425,81.01171861742675,0,43
59.52862321613472,16.0858084477042,80.94120658552094,0,43
31.93441890079719,52.808660831322015,63.75142798856546,0,43
-13.235787341464599,62.25886974296516,46.126700653429964,0,43
-50.414361625366574,30.13788994428457,36.02436129804825,0,43
-54.82906177125295,-18.510389782857906,39.16358758260681,0,43
-30.238142695234977,-58.60714083160418,54.234533210092245,0,43
15.807119337644806,-63.3089943141137,72.30941743097198,0,43
52.74649921509735,-33.09456395555496,84.40761945120558,0,43
52.9136735597091,-23.084781798940945,0.3160373217892851,0,43
60.891211786041126,24.875009847748764,1.9996683154842878,0,43
24.153269286686974,55.106250947983284,6.411305423204819,0,43
-21.201525831463478,53.41740657146197,7.400279219816326,0,43
-61.380915212769935,30.769428007954854,10.42016049104478,0,43
-70.45385922819389,-16.198795314645952,1.7188146056765243,0,43
-33.54874666669597,-46.59489299728126,-3.3652694095692413,0,43
11.849506511397326,-44.17129390703349,-2.010591040752435,0,43
60.758814986950036,-13.495333795215236,-4.115544469466094,0,43
56.23613930915872,37.1989879662952,-2.3006518879278413,0,43
12.59769161659233,59.86545494234374,3.847823316201836,0,43
-34.51459280356448,52.982915404767006,5.012259832941492,0,43
-71.00170545986211,20.00561773936965,4.2096528578621,0,43
-66.38922153587289,-29.62821028160095,-5.374381974624759,0,43
-23.007751841162325,-53.574254587248404,-8.863689227197177,0,43
24.391759922507383,-46.16090053425526,-6.052269067854182,0,43
54.9948739836454,29.238688829784678,69.27391122274167,0,44
18.81037997868626,56.89955493862795,62.05675492838292,0,44
-26.293112945737107,53.74810503725187,58.08780424247179,0,44
-59.12140010340763,21.786234132517833,47.2366009850612,0,44
-49.29388372666762,-24.22831249348461,46.95275085268899,0,44
-14.162872685125189,-51.81606963518486,52.42208906863824,0,44
30.940783488518164,-52.12610528186147,62.277853771254954,0,44
60.7598022618278,-16.725004173224846,67.5299275789954,0,44
61.248608063304346,15.455358889730535,75.4942396272668,0,44
29.912484883935658,49.782122186741425,64.95565152719331,0,44
-16.36063588817952,62.69045943935103,64.23372495500819,0,44
-53.615023167225175,32.616350301792984,54.09268845567414,0,44
-57.0483752202308,-15.254360758301411,51.005000464315366,0,44
-26.010580030541558,-50.86053175287555,52.357975946206786,0,44
19.05857059662408,-62.588576405185236,64.42528937400417,0,44
56.57477150103976,-32.525297600460995,70.19861800327376,0,44
56.10659070970864,-19.27253405146921,3.7881938267063315,0,44
57.86873959349768,27.53032624640979,7.033778597344357,0,44
30.068686301309704,65.25835839352872,13.560256122840777,0,44
-17.50037842460875,71.20728248149226,9.364625976937333,0,44
-50.99784444754425,37.08427899746232,5.717555267947597,0,44
-53.35729682837164,-9.115774521664047,-1.6672846680927875,0,44
-26.135616819846977,-48.37721566178381,-1.4928461542501077,0,44
21.67153471385241,-53.837167647243305,5.893161639674921,0,44
64.78341805841009,-6.173622671935541,-1.0916262034534483,0,44
57.097564465875514,41.109314906246254,6.486495619480508,0,44
21.713461777802358,75.98932057895607,10.26243041423473,0,44
-27.266043284244898,67.31253212568109,4.007974812249945,0,44
-56.60008827488103,28.01792129724697,-0.5834724602445889,0,44
-49.04305654344574,-20.27436248295202,-6.746899251253581,0,44
-13.101574605131331,-54.567299637838865,-5.934793917987609,0,44
36.186018615496195,-48.27976231482088,3.061418322465583,0,44
70.46519588606094,29.838644907727932,66.83382968674063,0,45
27.719664136360265,54.418561667449325,71.82527343235041,0,45
-18.409637062915028,53.07093168304085,68.77318183971367,0,45
-54.51320704699799,22.185973399456074,55.31108773951916,0,45
-44.41465699805891,-25.417709539386472,46.11636104657685,0,45
-8.03444615548077,-55.01081395824758,42.332242821999,0,45
41.58653352455484,-54.93468303557122,39.72246422534822,0,45
64.62787227406201,-16.00155580033198,53.53125186975264,0,45
73.78397950589,15.323174594445192,66.17194811683427,0,45
41.53389931995437,52.93563422460027,75.59198076027272,0,45
-7.263004590377937,58.853356132954744,75.76252813890542,0,45
-49.582559580280495,33.73836082523183,65.23121609036941,0,45
-52.93046969284494,-14.619531475397848,48.98530716379513,0,45
-21.361312096825362,-52.765451303362106,45.86935729833566,0,45
28.047240318912483,-64.3516585487613,43.507930621226606,0,45
64.17797965395633,-31.0992952923869,52.53722136813517,0,45
64.67162968661626,-27.269864472081544,-2.366159464023584,0,45
70.11436679754637,18.883584453975573,3.282636775622604,0,45
39.58192957577815,56.27899253860918,7.2539744036674225,0,45
-8.290408227161638,56.15799469791659,8.174258630029094,0,45
-46.22948149129707,28.1415283925973,11.533534219691187,0,45
-52.90351209803097,-21.137104627266666,8.33767124493772,0,45
-15.932268956750258,-49.28880105219186,-1.862848705028242,0,45
30.26432628839728,-61.2345410347876,-7.748109976101709,0,45
71.37362862417751,-16.36099667045157,-7.018998972140295,0,45
70.24357511448082,32.64819926638266,-0.10878625104365058,0,45
27.359488999527972,60.17098686162618,3.7019700894487206,0,45
-20.679566510096695,51.761676583638796,7.327144520959415,0,45
-56.913936153503144,17.259745401957126,7.2468172939174185,0,45
-50.07627665862745,-34.30938786949494,1.8899934262167046,0,45
-6.309519982253916,-54.195202369724015,-7.947620041757485,0,45
43.8796344557189,-58.38006113108104,-11.687581522352447,0,45
40.546457819679375,23.550200160874745,44.69451773018021,0,46
10.478209413735362,46.5683410193402,41.80874029384474,0,46
-29.683428246920684,50.84107510306515,43.977702837055745,0,46
-48.5709916302752,19.20262299287753,61.65151299408771,0,46
-46.621603001329014,-18.54357177370477,68.7469483386174,0,46
-16.238980123047696,-43.452650921533795,75.15789342637618,0,46
22.258367141430092,-40.64851893750978,69.8322644503863,0,46
47.992843709354815,-13.992770446203988,55.797471288548174,0,46
47.28148047893864,16.52068979630243,50.64773540147527,0,46
20.00558446413008,44.84932186300362,45.52662584257684,0,46
-19.258029561638086,58.92551679346982,45.092899148510966,0,46
-49.76854136123087,33.38301996337959,59.79747201938202,0,46
-54.15792088103114,-6.027755692886093,70.43566828064212,0,46
-25.810062619802274,-34.946324731395535,76.65915241921513,0,46
13.657481429107499,-43.08771634916652,79.16652714839542,0,46
47.382315588420646,-23.99487261706996,61.18828051025728,0,46
53.666221455921324,-23.88584720136569,7.9242204354462435,0,46
49.64025681860525,16.592162414104052,14.369921962773738,0,46
21.781801406876937,44.61841782789912,20.937495926077368,0,46
-17.310171714359285,56.02889130507868,16.06762362507676,0,46
-47.56302830543965,30.341617793046087,1.5403100388501092,0,46
-42.90255596734261,-9.295014987850985,-8.501772634309415,0,46
-16.453432730674518,-39.03849103202049,-10.756747428959859,0,46
21.260371254138374,-51.174326280756716,2.111338435784404,0,46
62.340804744063604,-13.678900285795336,8.243564569090964,0,46
48.270161146977244,27.088929488385265,11.498934089132216,0,46
14.720588349398152,51.50258251363038,20.347810026363195,0,46
-27.569040186247385,58.04485972534003,9.808605581452923,0,46
-48.81786699071356,21.676251867297275,-5.447070400320112,0,46
-37.11034586056585,-18.107418140330665,-14.313269123764695,0,46
-5.597733672197273,-46.42229544553238,-13.010926812826845,0,46
35.66669943883842,-48.95978100444512,1.0787587343558356,0,46
40.391120355576966,26.06870938693847,55.7898644646181,0,47
13.593135384694072,50.00533523912633,55.6394751223733,0,47
-22.93387557347631,46.36681123413511,60.622330428251765,0,47
-39.314833672420825,15.155764403629687,65.1095864037552,0,47
-45.151583752457576,-19.81612708887619,67.50655459983246,0,47
-15.932168587116113,-43.884958256361955,66.84073673049247,0,47
16.799853317117236,-34.96669576676715,54.46102595362349,0,47
43.14273128354549,-10.346842104051364,53.947963609506544,0,47
49.972928542434055,16.410557680552124,57.733185717327395,0,47
27.48069456760619,46.959424207776365,58.96261735248193,0,47
-11.12071873470939,49.04526355056662,59.835003574158605,0,47
-36.88535698696382,24.252283548588384,69.28339140249058,0,47
-49.63731528321,-11.327041370210436,70.41435374934753,0,47
-24.41241095640392,-41.456609457376274,71.29807865013905,0,47
11.750510672685106,-40.934847511840786,61.78056322306784,0,47
43.02357108986963,-21.181077505220877,57.1651360790396,0,47
46.81478195230983,-20.607026242235314,10.98292844898431,0,47
49.78218918402184,14.31152745479554,0.75443719163823,0,47
26.345045177411674,39.919114102506555,-1.0892644134573501,0,47
-8.933427113714044,45.40554209011144,-0.911587049808892,0,47
-30.697806026982672,17.409886523717283,0.27181640803084806,0,47
-37.54413642690071,-14.882824364709359,6.337408203386667,0,47
-17.235895442198455,-44.78659958778545,14.134489839544523,0,47
17.383646566248608,-38.76047451790519,11.469496588762283,0,47
55.52315428301411,-14.080947374174851,5.845346692209247,0,47
45.96639000797384,21.28145414967652,-4.354421097176317,0,47
19.453363794644325,46.27192698009029,-4.748504039808176,0,47
-18.538475582503068,41.486061029958236,-7.496030934402759,0,47
-35.91247974430038,9.832914136482856,-2.7336155350311335,0,47
-37.93804250801047,-26.00591682331418,4.740687978517788,0,47
-6.901260257396438,-47.8823823984381,9.411384873562342,0,47
28.382417426078625,-40.40871244461133,6.794771341347216,0,47
57.18442385460554,17.457703758925035,52.079133705454325,0,48
22.217779366501,42.46886090118522,50.61968452325134,0,48
-20.146094707812257,41.7757648236748,58.537895183532825,0,48
-54.89374509632897,13.367558736672045,60.8609103317884,0,48
-42.54473728350937,-30.277528096652425,58.31879075449671,0,48
-6.571373622671853,-51.69388003577841,55.713658089293666,0,48
36.38094295737227,-57.96367737608515,58.12872682974878,0,48
67.5455389526886,-25.505533837947514,51.84214699590277,0,48
61.4952313919728,4.84866682678444,53.29712990221957,0,48
33.12661270121861,39.64920446109812,54.393940113232674,0,48
-11.314738235573838,47.71685365713637,58.46798926700369,0,48
-52.572482917490184,26.40845158341954,65.4123545165937,0,48
-52.9979838517951,-21.704670660060515,63.25738141535643,0,48
-17.277066849551797,-48.3674712540743,60.064339504987146,0,48
23.86352188956322,-66.75391185232552,62.243736656802746,0,48
64.65654365176309,-41.48425430153636,58.359062891281,0,48
54.118037293231275,-29.29608526625083,14.88156941411641,0,48
58.06883307769377,14.352951254562726,18.896044725011503,0,48
29.049517254542966,45.387706724092894,9.241803012710175,0,48
-13.07001683618569,44.26167760910488,4.601806183616215,0,48
-49.901977250735456,23.14091409649378,-3.4464614121286328,0,48
-49.07840500328206,-19.933718923965674,-10.07491693204922,0,48
-23.209812785618674,-53.85588125313252,-2.272704453757071,0,48
19.347221388715766,-50.702046190844634,3.3657462349117147,0,48
63.5628452537293,-19.916030732237978,14.985077384091694,0,48
57.4373855705161,26.22683418307436,13.813168840974972,0,48
20.959459747565813,50.6770671534056,4.185723189944849,0,48
-23.66209725465692,46.57255493899409,-1.1406524760401775,0,48
-52.64887517474152,12.31147355323597,-8.78573262194032,0,48
-45.21384555289925,-32.12168238264899,-13.830508331181308,0,48
-10.540593949621874,-60.76735650179092,-4.91525537020753,0,48
32.793316504109555,-49.838953939048714,1.0393703205321512,0,48
