NPC,r_CR,r_NR,SSE_CR,SSE_NR,SSE_l_CR,SSE_l_NR,SSE_a_CR,SSE_a_NR,Cx_CR,Cy_CR,Cz_CR,Cx_NR,Cy_NR,Cz_NR,Tx_CR,Ty_CR,Tz_CR,Tx_NR,Ty_NR,Tz_NR,el_minor_CR,el_minor_NR,el_major_CR,el_major_NR,el_q_CR,el_q_NR,el_rot_CR,el_rot_NR,el_ssum_CR,el_ssum_NR,el_ssumXY_CR,el_ssumXY_NR,el_ssumZ_CR,el_ssumZ_NR,el_Cx_CR,el_Cy_CR,el_Cz_CR,el_Cx_NR,el_Cy_NR,el_Cz_NR,el_ Tx_CR,el_ Ty_CR,el_ Tz_CR,el_ Tx_NR,el_ Ty_NR,el_ Tz_NR
0,56.75641358562444,56.381396449008,143.75664535864655,156.4560277459869,4.880164564373243,4.7521622040498235,138.8764807942733,151.70386554193706,-0.9453799256886378,5.535192262273988,58.29707517712823,1.0401101747006734,9.82092627158049,2.7887736331485296,-0.23446847867011292,0.1972725640967522,-0.9518970889570022,-0.17225292864918057,-0.06805389379956905,0.9826991381447823,54.8,50.7,60.6,63.2,0.9,0.8,-0.234,-0.264,463.2,218.1,324.3,66.4,138.9,151.7,-0.9310529142478262,5.351272728316033,58.25543043308219,1.0841808512869429,9.783141064974952,2.793881882944581,-0.23446847867011292,0.1972725640967522,-0.9518970889570022,-0.17225292864918057,-0.06805389379956905,0.9826991381447823
1,59.60415064619926,62.28224085989035,134.6244594647243,103.38937322077678,5.544813229527991,2.194139968367082,129.07964623519632,101.1952332524097,-1.3297170661659992,4.945147330973013,55.79712097724013,7.01792652005382,-1.5497211003219165,4.794484868346103,-0.016859501187479697,0.2554683652705485,0.9666704048256071,-0.0005402271414480547,0.08867133565847807,-0.9960607925157868,53.9,61.3,67.0,63.6,0.8,0.96,-0.373,0.022,311.2,167.0,182.1,65.8,129.1,101.2,-1.5856942047257436,4.877497583718385,55.810534777234274,7.0501686279402875,-1.5609739080160197,4.793465633819908,-0.016859501187479697,0.2554683652705485,0.9666704048256071,-0.0005402271414480547,0.08867133565847807,-0.9960607925157868
2,61.88764946474336,62.025120145658676,179.8659167905351,266.5113337331506,4.763521045131071,3.411729398647832,175.102395745404,263.09960433450277,-2.8603691260766344,0.3245495834885751,56.99091882322122,4.617272802762648,-0.16222029674219673,1.0555576449094877,0.16248348281206126,-0.18274580391241024,-0.9696407009638517,-0.093109156858618,-0.314425821109403,-0.9447047623087094,56.1,59.1,68.6,65.6,0.82,0.9,-0.824,-0.302,229.5,372.0,54.4,108.9,175.1,263.1,-2.8737418541516075,0.280823769622916,56.99691884113353,4.701811252885216,-0.22210327595550067,1.0671564549650183,0.16248348281206126,-0.18274580391241024,-0.9696407009638517,-0.093109156858618,-0.314425821109403,-0.9447047623087094
3,57.51020725282747,54.48298566480631,173.7428463620794,106.84172362103507,4.76397989463583,5.504190814682615,168.97886646744357,101.33753280635246,-5.215187397916965,-2.1823796345873867,58.216894785945634,-6.576850066354825,-1.4272457635897453,0.8922878398657549,0.11696394820379634,0.009368838125913048,0.9930919694030105,0.08019434917950541,-0.03342554658128105,-0.9962186502949127,52.3,50.6,63.8,60.3,0.82,0.84,-0.507,1.401,251.9,347.3,82.9,245.9,169.0,101.3,-4.999602835423524,-2.1849703059805696,58.19152820279297,-6.922405716821969,-1.6675196579520588,0.8725328149619207,0.11696394820379634,0.009368838125913048,0.9930919694030105,0.08019434917950541,-0.03342554658128105,-0.9962186502949127
4,63.92511403198927,65.51898267984241,180.18498908387795,139.03851979271866,9.167008634906118,2.136897698004779,171.01798044897183,136.90162209471387,5.606126865194556,-10.756750939697406,57.073098292060386,5.925652291581308,6.220088227154293,2.6373129673324143,-0.11237351175474396,0.08509387851666073,0.9900157704273695,0.021294132606083677,0.03110184537100613,-0.9992893650645306,53.5,64.8,77.7,66.6,0.69,0.97,-1.436,1.115,359.5,203.5,188.5,66.6,171.0,136.9,5.2475793812340275,-10.56066200562287,57.015546473655036,5.759136106342463,6.169830074285666,2.632200395131311,-0.11237351175474396,0.08509387851666073,0.9900157704273695,0.021294132606083677,0.03110184537100613,-0.9992893650645306
5,55.31980327345316,55.359470064372175,130.8450087844221,91.27084055546891,4.969863154385697,4.033389966746929,125.8751456300364,87.23745058872198,4.244711620449726,3.5611036960784315,58.96317802352851,-7.419376607533588,-2.952069243983652,2.256268263363774,-0.22075391284204546,-0.11507664947000529,0.9685169460116247,-0.06283430051318699,0.036151054247896774,-0.9973690149366904,50.8,51.1,61.2,60.4,0.83,0.85,1.232,0.906,281.4,164.4,155.5,77.1,125.9,87.2,4.421696821495307,3.274087339216558,58.96941569957546,-7.329938218571996,-3.0704451709816523,2.246342936809884,-0.22075391284204546,-0.11507664947000529,0.9685169460116247,-0.06283430051318699,0.036151054247896774,-0.9973690149366904
6,60.10868072519068,60.94570764926645,118.28928617539317,352.59490279981685,4.188414571471752,5.871753627837097,114.10087160392142,346.72314917197974,6.648490849206399,-3.5719945040381846,60.03357788898153,-14.716681041598466,-2.500017988297832,1.2529731629830214,0.14290356495192824,0.17449294647113356,0.9742334334007698,-0.025441205851714933,0.2125555913417308,-0.9768177238534208,55.8,53.9,65.3,69.4,0.86,0.78,0.481,0.407,203.0,423.2,88.9,76.5,114.1,346.7,6.547659794747463,-3.5459686573582023,60.04370666318506,-14.813960188255535,-2.517976018928493,1.2515991287163657,0.14290356495192824,0.17449294647113356,0.9742334334007698,-0.025441205851714933,0.2125555913417308,-0.9768177238534208
7,54.7768124891988,53.944071442816806,68.25441655985297,154.885135218491,2.008625951657027,6.792266731399335,66.24579060819595,148.09286848709166,9.566894571570499,-7.28874188071028,57.89278977439478,3.9987137147027516,-9.751643574480125,3.378973775478712,-0.15838321278385364,0.15416119465821154,0.9752687239780724,-0.10908509293671587,-0.05728403828177964,-0.9923804620492687,52.8,48.6,57.0,61.8,0.93,0.79,-0.934,-0.098,97.0,457.1,30.8,309.0,66.2,148.1,9.601483142754516,-7.253812814210468,57.89288568889251,4.206612306051708,-9.622520751351022,3.348667542081305,-0.15838321278385364,0.15416119465821154,0.9752687239780724,-0.10908509293671587,-0.05728403828177964,-0.9923804620492687
8,57.87928421765231,59.403891674044445,102.72504182921031,215.81693155860583,7.722846896119388,5.905209816172626,95.00219493309092,209.9117217424332,2.50690207121558,-5.264738080697242,57.441794346108644,-2.6847083059005725,-1.8795858025151198,6.435723661547238,0.20993998905993927,-0.02000857855614968,0.9775095179985076,-0.06441620256417378,-0.16897369663387396,-0.9835133159714183,49.3,52.9,69.1,67.5,0.71,0.78,-0.209,-0.608,252.1,339.8,157.0,129.9,95.0,209.9,2.7103246601102167,-5.574625837532541,57.391762148249896,-2.972475892231939,-1.9636605727569212,6.469015859346903,0.20993998905993927,-0.02000857855614968,0.9775095179985076,-0.06441620256417378,-0.16897369663387396,-0.9835133159714183
9,58.96234904965807,58.8119528523884,120.18485098453037,113.70425305172509,7.623800116991947,4.639438652464722,112.56105086753843,109.06481439926037,-5.816578662923175,2.6741681698436364,58.78448548578844,0.14767389371614412,7.476529284701978,3.847732432957742,-0.050439136368977885,0.00930308188740725,0.9986838069127524,-0.01491329315873649,0.21256248695305346,-0.9770336651454208,51.4,54.3,69.5,64.5,0.74,0.84,-1.441,0.878,391.6,242.3,279.0,133.2,112.6,109.1,-5.660075500030034,2.307865727747056,58.7958020065045,0.020686342506064104,7.672953531947313,3.8924046183983116,-0.050439136368977885,0.00930308188740725,0.9986838069127524,-0.01491329315873649,0.21256248695305346,-0.9770336651454208
10,48.8382314036509,51.131055509653876,87.27206003667631,94.4473052518549,5.738051626498571,7.044403550640548,81.53400841017773,87.40290170121435,-3.0079858101807972,1.2961150513706776,57.42789287742824,-8.832846488761536,0.2855214231980685,-2.8809356303817317,-0.0872234875293852,0.0868449683571722,0.992396097681895,0.1229471019566825,0.03607576161388326,-0.9917573037514931,43.6,44.1,56.2,61.0,0.78,0.72,0.75,0.943,277.2,307.2,195.7,219.7,81.5,87.4,-3.5122356248493354,1.3069313188301341,57.382626913634525,-8.44981469932341,0.08011457509223319,-2.8409233815861152,-0.0872234875293852,0.0868449683571722,0.992396097681895,0.1229471019566825,0.03607576161388326,-0.9917573037514931
11,62.98762988523896,62.34425110501792,152.7029010001312,207.26899965695682,6.136240502280832,5.5912074699873,146.56666049785036,201.67779218696953,-0.5775843918701165,11.424548560713827,58.794851257674615,-0.7269809515679382,7.7912233852675135,1.4287387791742152,0.04664514364405066,-0.010404660147609712,0.9988573339679891,0.02303901159300724,-0.24653524227048718,-0.9688599373817915,55.5,56.2,71.9,69.9,0.77,0.8,-0.509,0.737,225.3,313.6,78.7,111.9,146.6,201.7,-0.5567563766091199,11.260175039924837,58.792166413409525,-0.6991591082643198,7.957765034788878,1.387022328134153,0.04664514364405066,-0.010404660147609712,0.9988573339679891,0.02303901159300724,-0.24653524227048718,-0.9688599373817915
12,61.32051423540638,59.83038104227997,64.42392158346101,161.06277631871896,2.7817419392728424,5.192903462522677,61.64217964418816,155.86987285619628,-7.025017384891779,2.338711336145082,55.64235099752913,-3.9647229357705727,4.315639213707577,2.428739441693112,0.024551242924358778,0.10502537578477172,0.9941664382346331,-0.08958528059803048,0.048120816722234006,0.9948159952966966,59.6,53.3,63.6,67.3,0.94,0.79,0.84,0.416,151.5,195.5,89.9,39.7,61.6,155.9,-6.817135930045812,2.345770817483223,55.63647152649392,-3.886634086700251,4.3575692936290675,2.4337432833965282,0.024551242924358778,0.10502537578477172,0.9941664382346331,-0.08958528059803048,0.048120816722234006,0.9948159952966966
13,61.560760901409644,60.425158053580276,142.69965150909064,166.79925480233985,3.929910328944965,5.156322850873657,138.76974118014567,161.64293195146618,2.1978512484339943,1.5471743311022044,58.18914043487088,4.414544351030425,-4.248599646558741,-0.1513047043040932,0.054372306354901555,-0.2069683033058285,0.9768355919643567,0.00549671266425601,-0.20913916647909958,0.9778704388590106,58.8,55.9,65.3,66.4,0.9,0.84,1.325,-0.199,305.4,347.6,166.6,186.0,138.8,161.6,2.1474021432395434,1.6940019313681949,58.223057804161094,4.458566865957039,-4.315955682434158,-0.16595773373031186,0.054372306354901555,-0.2069683033058285,0.9768355919643567,0.00549671266425601,-0.20913916647909958,0.9778704388590106
14,55.677331208857595,58.20802680263267,100.00165765241819,227.86773160340505,3.2231939394139792,3.9391208973955147,96.77846371300421,223.92861070600952,-1.2416990563097208,-7.888617320422897,57.68649966503107,-2.185125088949186,0.40300064082963144,-0.5966340998594378,0.2898774001298112,0.0014337475810054512,-0.9570627133379793,0.2252769904063904,0.05330126235568011,-0.9728356762705253,52.7,55.1,59.3,62.3,0.89,0.89,-0.125,0.623,175.9,381.1,79.1,157.2,96.8,223.9,-1.2201007386526628,-8.085314889629995,57.69274674729877,-2.2552770954836063,0.590770068707816,-0.6025912059840297,0.2898774001298112,0.0014337475810054512,-0.9570627133379793,0.2252769904063904,0.05330126235568011,-0.9728356762705253
15,60.03596878954315,59.08294562101796,108.31276721675977,212.2834255335033,6.389502031366328,3.9914100126217806,101.92326518539343,208.29201552088153,-1.8970071806537177,1.9484719053813921,56.49039341905732,6.507897280782286,-2.151424225732855,0.05054162806365453,-0.1453586656690803,-0.11402585196432191,0.9827863264203034,0.05027683106441288,-0.10764104623377335,0.9929177435335814,53.3,54.9,68.6,64.2,0.78,0.85,0.1,1.276,274.2,295.4,172.3,87.1,101.9,208.3,-2.0247302337861246,1.9716018867355016,56.47418619646937,6.456135653194678,-2.2659919822172516,0.04074244517044814,-0.1453586656690803,-0.11402585196432191,0.9827863264203034,0.05027683106441288,-0.10764104623377335,0.9929177435335814
16,58.66197751669571,60.753261303891634,315.4835061337742,112.06453640286044,3.5140527780693285,3.74413189878862,311.96945335570484,108.32040450407182,3.6352884807964485,2.4361777106379616,57.80492765426002,-6.325405718961918,-13.319695494241316,8.300147269923011,0.015494857055127964,-0.14586206974353616,-0.9891835855972202,-0.06425894589833415,-0.1124343067791791,-0.9915792023490209,55.4,56.5,62.7,65.6,0.88,0.86,1.408,-1.475,405.8,166.2,93.8,57.9,312.0,108.3,3.5322592230099388,2.5497243397375233,57.78657052599874,-6.235637989695025,-13.133636180428848,8.273232798982647,0.015494857055127964,-0.14586206974353616,-0.9891835855972202,-0.06425894589833415,-0.1124343067791791,-0.9915792023490209
17,50.81375078592899,50.282699570021606,132.35898248501937,144.04417957226957,3.73751402182793,5.1373232116129515,128.62146846319143,138.9068563606566,0.1816453923219099,-6.412213191640194,56.83420713806967,-8.165528427056177,0.6955626879884922,0.24149781400219952,-0.06264220643122011,0.11112354484282205,-0.9918303845693546,0.2108910939764444,-0.022053543226737693,-0.9772607572764627,47.7,44.2,54.8,57.7,0.87,0.77,1.544,1.441,232.2,200.3,103.6,61.4,128.6,138.9,0.20870728268857447,-6.094469994512998,56.868097543540856,-7.922030954461011,0.7941393385912875,0.2918195767300215,-0.06264220643122011,0.11112354484282205,-0.9918303845693546,0.2108910939764444,-0.022053543226737693,-0.9772607572764627
18,50.601343046677044,53.579730145130256,86.29905160770687,128.64962323026853,4.99578886249144,3.235716164736655,81.30326274521543,125.41390706553187,-7.676611687112006,-2.458500001985333,59.83244237121852,-4.961089550468075,-3.108658600675597,2.8820040140103806,0.15360109754716325,0.4533412127591133,0.8780025328245947,-0.08917249139864197,-0.21276263688981523,-0.9730263753472729,47.4,51.3,55.5,56.6,0.85,0.91,-0.634,-0.493,323.0,229.5,241.7,104.1,81.3,125.4,-7.952341015465876,-2.552164527061459,59.92904154226961,-4.793932576322808,-3.0101117724507627,2.8451366815533006,0.15360109754716325,0.4533412127591133,0.8780025328245947,-0.08917249139864197,-0.21276263688981523,-0.9730263753472729
19,60.645289344194836,58.96995792785147,75.22328226954868,95.77185087226349,3.742590753565616,5.596377746838127,71.48069151598305,90.17547312542536,-4.504527934459853,-7.465027298445881,56.08448233997406,-0.8010430320862444,-1.2240386811064203,1.0070526473852817,0.021901810996860206,-0.20461971885107277,0.9785964854486069,0.037236938587747355,-0.11933523300672039,-0.9921554881004508,57.9,52.6,64.3,66.6,0.9,0.79,-0.414,-1.496,215.9,170.6,144.4,80.4,71.5,90.2,-4.499021378344116,-7.549694594250144,56.06665558290509,-0.6177889818183101,-1.24008914211229,1.0158609495361024,0.021901810996860206,-0.20461971885107277,0.9785964854486069,0.037236938587747355,-0.11933523300672039,-0.9921554881004508
20,47.106438777770386,48.6995728707338,203.93480664115924,89.916867492727,7.033653419885681,5.922559581237448,196.90115322127357,83.99430791148954,3.8297908332667006,1.9737775184471251,59.85750383712158,2.1031352054958163,0.4136431545499566,1.8491839527550749,-0.06581486552132872,0.04410098667197587,-0.9968568134145284,-0.09537252471809445,-0.0422940162935555,-0.9945427581128209,38.9,41.6,57.8,57.6,0.67,0.72,0.621,0.144,268.1,144.9,71.2,60.9,196.9,84.0,4.012898445708706,1.9562334931514316,59.84463848721178,2.0860689423607917,0.48725922796165744,1.8476899327207117,-0.06581486552132872,0.04410098667197587,-0.9968568134145284,-0.09537252471809445,-0.0422940162935555,-0.9945427581128209
21,54.160991409265065,53.168276479058235,216.22443002953804,97.31819427891784,4.827442358285877,5.223014165648983,211.39698767125216,92.09518011326887,-3.0839369301149615,-1.073310648872968,58.01103892808927,9.569846923648251,-5.01272905824732,1.9152543019679753,-0.15218169566489367,-0.0014201379441857176,0.9883515137403175,-0.13404814225072312,0.17015568157150773,-0.9762572097495957,52.7,49.1,57.4,58.9,0.92,0.83,-1.325,-0.389,529.0,297.3,317.6,205.2,211.4,92.1,-3.2091313583487144,-1.1149905416344377,57.991702192820554,9.398306120021402,-4.791225753460758,1.9774149408207622,-0.15218169566489367,-0.0014201379441857176,0.9883515137403175,-0.13404814225072312,0.17015568157150773,-0.9762572097495957
22,57.98854418739637,61.71672836644461,134.84995938878276,229.10079226973846,4.146126938304994,2.7659304244115432,130.70383245047776,226.3348618453269,8.322022059174977,-8.138345583509,57.05987328653967,9.571290286142734,5.020133522199022,3.762124801854786,0.08300002663720658,-0.046302195288094206,0.9954733056640577,-0.07070462989496451,-0.2196673498844539,0.9730093065876386,54.5,58.8,62.5,65.0,0.87,0.91,-0.513,1.37,267.6,274.5,136.9,48.1,130.7,226.3,8.471924886777867,-8.35827195131823,57.03714539199282,9.222818878121567,4.9653207223004365,3.7244282205597754,0.08300002663720658,-0.046302195288094206,0.9954733056640577,-0.07070462989496451,-0.2196673498844539,0.9730093065876386
23,55.586484691244536,57.00112091811833,373.08818129744355,236.69928743688592,2.7183722331267015,4.112256323655572,370.3698090643168,232.58703111323035,7.092787052249224,8.903414375022333,57.98878706730128,-0.7273597661908916,2.07125144838908,3.0449976709425006,0.033368308056594694,-0.16941129874224348,0.9849803895895117,0.1891660530438893,0.18173497512594494,0.9649811413658657,53.9,54.3,57.8,60.7,0.93,0.89,-1.458,-0.424,458.1,405.8,87.8,173.2,370.4,232.6,7.143123098179599,8.659779186018087,57.9451778920025,-0.6346411851820352,1.9126057445717475,3.056699728671652,0.033368308056594694,-0.16941129874224348,0.9849803895895117,0.1891660530438893,0.18173497512594494,0.9649811413658657
24,55.66815612181084,54.13437004355514,107.90603072942503,105.39107040423036,4.127483663905507,6.274456056224308,103.77854706551952,99.11661434800605,-5.3941482692863145,5.974573839739671,52.9944571731791,-6.378884922408908,-0.9689975925536845,1.3111230374421967,0.1420952544273648,-0.29122773478879693,-0.9460419362581178,-0.06501294892407769,0.19022516200883577,-0.9795854757043446,50.5,47.7,61.6,62.7,0.82,0.76,0.92,0.689,142.9,288.5,39.1,189.4,103.8,99.1,-5.306273136977528,5.81835933526023,53.0557447687304,-5.9839888272752635,-1.1123031723658456,1.2570862146098458,0.1420952544273648,-0.29122773478879693,-0.9460419362581178,-0.06501294892407769,0.19022516200883577,-0.9795854757043446
25,60.64146979829344,59.6109235175245,264.2920308233335,186.90810280105353,2.6234415456551505,5.09596805802438,261.66858927767834,181.81213474302916,-6.1794095615806315,-2.9741589293394006,56.28140268991186,-3.9032996144292644,5.178242020298043,-0.37247855792605056,0.060936460331746115,-0.1646946567287937,0.9844604704340456,0.19465999157198668,0.17631577983059843,-0.9648938975161582,60.0,55.4,61.8,65.4,0.97,0.85,-0.979,-1.455,366.4,414.1,104.8,232.3,261.7,181.8,-6.041014414778243,-2.8099842456460298,56.300301755298406,-3.441747613934738,4.908073355102406,-0.3287320799503925,0.060936460331746115,-0.1646946567287937,0.9844604704340456,0.19465999157198668,0.17631577983059843,-0.9648938975161582
26,53.28013696794676,53.960975745366156,132.99052815494275,153.18358389040387,3.8782135961595032,6.28983727196952,129.11231455878325,146.89374661843434,5.905811499665999,-0.9282742112474693,56.733062349763195,-5.910380821958062,-8.5098314543577,2.25199272352805,0.02844271619462134,-0.006603916449219871,0.9995736091869394,0.009724189309531466,0.11595311761083528,-0.9932070854854994,50.2,47.1,57.5,62.8,0.87,0.75,0.262,-0.325,286.0,276.3,156.9,129.4,129.1,146.9,6.235048951495732,-0.7644072807891642,56.72477657289856,-5.637830615379252,-8.490973559741532,2.256862766793077,0.02844271619462134,-0.006603916449219871,0.9995736091869394,0.009724189309531466,0.11595311761083528,-0.9932070854854994
27,71.14896507275535,72.54552155794399,152.16352338188352,165.7302067021923,3.9667470984513398,4.173761031650042,148.19677628343217,161.55644567054227,4.101681025708908,-0.4944105081208247,58.63788284935446,6.198668510278297,-4.612194673730333,1.7591161173111851,0.15411272804208406,-0.30972368479966383,0.9382539667539623,-0.21543296123642325,0.10291166979199562,-0.9710807522721934,67.2,69.4,75.8,76.6,0.89,0.9,0.321,0.413,248.9,333.1,100.7,171.6,148.2,161.6,4.083608576827304,-0.49979529714655735,58.63907378244957,6.352677248311739,-4.585651242873438,1.7277624635310065,0.15411272804208406,-0.30972368479966383,0.9382539667539623,-0.21543296123642325,0.10291166979199562,-0.9710807522721934
28,66.50512941708467,67.20844051325679,188.23496671961522,184.5014161292644,5.134131975298473,3.1200199633715497,183.10083474431673,181.38139616589285,-1.1716978206417579,-6.999060155313792,59.60094511830374,4.642833027811526,2.756352813712443,6.177936820632051,-0.069742439033485,0.09790261684408097,0.9927492482055785,-0.056297117679117124,-0.01271781028285146,-0.9983330565711189,61.5,64.5,72.7,70.4,0.85,0.92,-1.199,-1.459,353.4,261.7,170.3,80.3,183.1,181.4,-1.2129362608512009,-7.205491632122076,59.61840583399576,4.620234812774324,2.883045810677597,6.1775972113943824,-0.069742439033485,0.09790261684408097,0.9927492482055785,-0.056297117679117124,-0.01271781028285146,-0.9983330565711189
29,62.64473413860367,61.69731867744028,112.74947235130801,96.51321626583159,3.5362733175051986,6.505827882944574,109.21319903380282,90.00738838288702,4.378835503518527,6.353268841041349,57.58766579852217,1.7656446488800757,-1.6006848500800097,2.854732300530538,0.2881927324500458,0.07783790886690123,-0.9544035880623064,-0.026135904304046755,0.0309704944254241,-0.9991785340875046,60.2,55.1,65.9,70.3,0.91,0.78,-0.428,-1.18,240.8,294.5,131.6,204.5,109.2,90.0,4.498457842777965,6.330414501182778,57.621923166368504,1.5709969964370678,-1.737506106100503,2.8555828697145245,0.2881927324500458,0.07783790886690123,-0.9544035880623064,-0.026135904304046755,0.0309704944254241,-0.9991785340875046
30,59.08255896458201,57.46947153207155,128.10838427748396,139.27436630594246,2.588283968298009,3.57954685863023,125.52010030918596,135.69481944731223,-4.751788957736674,1.6127390870704197,56.646074558005594,8.595394277603422,6.252028933880381,0.5082811117960833,-0.048480923725831765,-0.14568242407013787,0.9881428193088986,0.09716696213798698,-0.21901804441064832,-0.9708705772096557,57.2,54.8,61.4,61.0,0.93,0.9,-1.207,-1.543,193.9,267.0,68.4,131.3,125.5,135.7,-4.752361628605708,1.5603892096570986,56.63832849083342,8.70513393717259,6.47457828208995,0.469059350855739,-0.048480923725831765,-0.14568242407013787,0.9881428193088986,0.09716696213798698,-0.21901804441064832,-0.9708705772096557
31,56.96004027750397,56.554491069902205,187.57447644082194,131.95422154013164,2.8735341750641425,3.865871371056632,184.7009422657578,128.088350169075,3.2045446817051437,4.567917839626559,59.89255743618013,-0.15230710076197215,6.869867992269764,-0.46595553559247205,-0.09516314892821529,0.23659597393565113,-0.9669365647256842,0.26650888554262075,-0.13633248265345643,-0.9541417442394894,55.5,53.7,59.0,60.4,0.94,0.89,-1.284,-0.306,297.5,275.4,112.8,147.3,184.7,128.1,3.2372917551771345,4.560745844381299,59.88757967444737,-0.3073154023506275,6.809888345444861,-0.5006819436403037,-0.09516314892821529,0.23659597393565113,-0.9669365647256842,0.26650888554262075,-0.13633248265345643,-0.9541417442394894
32,60.29991036878976,62.30842559209793,168.69862501681507,194.40591816390236,6.606631588500068,3.178593727322248,162.091993428315,191.22732443658012,-2.334629335203399,-3.606769859777296,56.761833080440304,1.7684477761343858,-2.625873038001875,0.3048100706582845,0.053969925016302565,-0.012895679314351094,0.9984592874267616,-0.05540743206277715,0.1175623917950146,-0.9915185830369717,52.8,59.7,69.7,65.6,0.76,0.91,-0.008,-1.281,273.5,289.5,111.4,98.2,162.1,191.2,-1.9830490592608023,-3.64724916633528,56.7423062258839,1.7764855649523617,-2.620026443864844,0.30505412695422995,0.053969925016302565,-0.012895679314351094,0.9984592874267616,-0.05540743206277715,0.1175623917950146,-0.9915185830369717
33,45.5249061356801,48.997950087481144,85.28503822555226,150.17568440220415,8.095194290696277,3.389636622496154,77.18984393485597,146.786047779708,-0.5783250080964704,-4.2267262453029595,56.91986705364848,-1.1542360667935407,3.814967372620366,0.39377588735347346,-0.053850222059355295,0.018731869403592172,0.998373312269917,-0.018082415838706647,-0.3755948083629525,-0.926607557797924,36.6,46.1,58.3,52.7,0.63,0.87,-1.555,1.148,228.5,236.6,151.3,89.8,77.2,146.8,-0.8065699778400952,-4.266327184660311,56.908298993346406,-1.0271000619682038,3.8525247048388858,0.37607123454063723,-0.053850222059355295,0.018731869403592172,0.998373312269917,-0.018082415838706647,-0.3755948083629525,-0.926607557797924
34,64.01310522489308,62.76976337698869,117.44243614943096,217.90218007039277,2.0248307847701335,5.938028782287424,115.41760536466083,211.96415128810534,6.283859567438169,-6.038552759843383,57.084746803340835,-6.02372291807724,0.8033158596921677,1.7721815433509,-0.03749489869781087,-0.025246076315487143,-0.998977861717823,0.28366860843027786,-0.07633238239235485,-0.9558794317221901,63.4,57.7,64.9,69.7,0.98,0.83,0.386,-1.306,178.0,460.5,62.6,248.5,115.4,212.0,6.349154314042668,-5.9702387105944945,57.08056965210445,-5.743177514220434,1.0757048903430162,1.8336849283128784,-0.03749489869781087,-0.025246076315487143,-0.998977861717823,0.28366860843027786,-0.07633238239235485,-0.9558794317221901
35,49.31154967994141,51.826192545610965,185.0826214779977,75.26804934069162,5.792225736129022,3.7441317015700672,179.29039574186868,71.52391763912155,4.260374912209876,4.852461915078554,57.35422381551268,-3.54016817823373,6.656837782020212,3.9918428008160936,-0.22732148024308177,0.012611754987273516,0.973738100443972,-0.020356311006866502,0.06491450185451564,-0.9976831801985899,44.8,48.0,56.1,56.5,0.8,0.85,1.486,1.102,436.5,150.2,257.2,78.7,179.3,71.5,4.065004546342159,4.817314529491002,57.30906936327428,-3.189479595788073,6.248977430036806,3.958149963156608,-0.22732148024308177,0.012611754987273516,0.973738100443972,-0.020356311006866502,0.06491450185451564,-0.9976831801985899
36,62.61407486589961,63.44901711493279,125.32695413916497,198.4322210679498,3.052461887303711,4.347148826462039,122.27449225186126,194.08507224148775,0.015329446224570518,-2.452925422925769,59.5795796625523,1.9933337827089834,3.145247296929389,1.9732983033223732,0.13371325372360995,0.06447373382070598,0.9889205748824638,-0.08520144577886277,0.20631052745295042,-0.9747700651431993,60.3,58.8,65.5,68.9,0.92,0.85,1.545,-1.096,219.2,279.0,96.9,84.9,122.3,194.1,-0.043157731058324836,-2.510946785628483,59.59127055559676,2.0465141835080316,3.2249179504471703,1.9855123094150278,0.13371325372360995,0.06447373382070598,0.9889205748824638,-0.08520144577886277,0.20631052745295042,-0.9747700651431993
37,59.30437634196741,57.33584305782626,119.06221358966944,118.68147394996207,3.12498333850201,6.058034470042419,115.93723025116743,112.62343947991965,-1.430008681482566,-0.8567872046682491,56.28501681010479,-7.193763067949379,-3.005310064775148,4.197094292508323,-0.04945090458204989,0.0838523353217221,-0.9952504176824599,-0.053201326342094804,-0.18674069680713873,-0.9809676503490962,57.7,50.4,61.7,65.8,0.94,0.77,0.55,1.38,239.0,206.0,123.1,93.4,115.9,112.6,-1.3765336293485593,-0.8370553671475146,56.28402225735032,-7.583271156577498,-3.1952737677027634,4.254380892294523,-0.04945090458204989,0.0838523353217221,-0.9952504176824599,-0.053201326342094804,-0.18674069680713873,-0.9809676503490962
38,51.99038104352864,53.38334428070582,145.9376984176979,66.78124978929134,3.641952968034669,4.567612388520707,142.29574544966323,62.21363740077064,-2.209765678187185,-1.1269942123743237,57.662390709330495,3.0433181902168718,2.272036107077931,3.503884414914183,-0.13687620374562715,0.12275220674958642,-0.9829531019261768,-0.042878045073991254,-0.10111080892988067,0.9939507420230531,48.8,48.0,56.1,59.8,0.87,0.8,-0.891,1.41,249.1,118.3,106.8,56.1,142.3,62.2,-2.0932024179942106,-1.1351822111091963,57.64513675140334,2.945248144589148,2.284711956195855,3.500943236488482,-0.13687620374562715,0.12275220674958642,-0.9829531019261768,-0.042878045073991254,-0.10111080892988067,0.9939507420230531
39,56.87031280027442,58.128322493214576,73.41652426993247,93.50955058463873,5.430246286198719,4.554058974418425,67.98627798373374,88.9554916102203,-4.216148822130377,-2.9095503242020335,53.51594965197121,1.5632625572355503,0.8610472365065672,2.5355266431009533,0.05452362210127074,-0.16074932582860468,0.9854881170661609,0.11700279551067669,0.126672919740344,-0.9850199577912839,51.8,52.8,63.5,64.3,0.82,0.82,-0.897,-1.194,246.4,149.9,178.5,60.9,68.0,89.0,-4.179317665526722,-3.02558531851056,53.494984695809855,1.552415525285291,0.8772256007474708,2.53631873626381,0.05452362210127074,-0.16074932582860468,0.9854881170661609,0.11700279551067669,0.126672919740344,-0.9850199577912839
40,57.06068729165593,59.3518787236512,172.40496686919755,229.95385882143518,4.342669466189036,3.318290675757234,168.06229740300853,226.63556814567795,3.567321474883288,-8.364787240059433,57.691693854759606,-2.8425177064973575,4.647900175506881,2.216711133085185,-0.10794196605680387,0.2447143170738446,0.9635680749085006,0.03550919314111852,-0.1770833857599986,0.9835550679500574,53.5,56.4,61.9,63.0,0.86,0.9,-0.913,-1.187,350.3,317.6,182.2,91.0,168.1,226.6,3.7067968088715806,-8.265019897969339,57.68198073177179,-2.899057096018713,4.44425019392454,2.1820863710808105,-0.10794196605680387,0.2447143170738446,0.9635680749085006,0.03550919314111852,-0.1770833857599986,0.9835550679500574
41,61.42075702670093,62.23078643881283,87.55131347749642,196.94451506158427,3.4895342702769265,6.400326783434207,84.0617792072195,190.54418827815007,-4.352820493551009,-3.383858208344484,57.18790110495928,-0.7227683100432675,11.748547462675269,1.2714049299445767,-0.18915129904831665,0.23053126032452897,0.9545036008740451,0.00033560852159132573,0.21984773101635074,0.9755341421671938,59.6,54.2,64.1,71.7,0.93,0.76,0.305,-1.463,244.5,249.1,160.4,58.6,84.1,190.5,-4.362898348394024,-3.397818383208852,57.18927565961728,-0.6919929506579504,11.378301204112203,1.354833554194172,-0.18915129904831665,0.23053126032452897,0.9545036008740451,0.00033560852159132573,0.21984773101635074,0.9755341421671938
42,59.454399932554225,59.87650491601131,66.75298036249218,124.98863036096492,7.219595677887606,2.2382036353809585,59.53338468460458,122.75042672558396,-0.006841848172003482,4.375887904276584,59.64462703253969,1.4896012488516372,7.5673942287508105,2.2096580817304936,0.20177447597190012,-0.08777588212764176,0.9754908791798003,-0.3116454174298285,-0.07079114847229695,-0.947557780345326,50.3,58.8,70.7,61.4,0.71,0.96,0.813,0.703,109.6,188.3,50.1,65.5,59.5,122.8,-0.0028782376311240754,4.436694311793066,59.64927861946457,1.5511782362219935,7.612756356400706,2.1860168605709513,0.20177447597190012,-0.08777588212764176,0.9754908791798003,-0.3116454174298285,-0.07079114847229695,-0.947557780345326
43,63.18483305207246,62.27948760603047,57.97409698521653,128.92485879217176,1.8017061716998,5.992578971792506,56.172390813516735,122.93227982037926,2.4772101272877767,-1.7924474153425654,58.190006571684805,-4.856640725033906,3.8320380132314185,0.5783502691643565,-0.3625873467500162,0.11850460304193822,0.9243847007792029,-0.030172032909378248,0.10661884430076818,-0.9938420752162206,62.1,55.0,64.5,70.9,0.96,0.78,-1.087,0.362,97.7,182.8,41.6,59.9,56.2,122.9,2.4463099873724867,-1.7854729264640865,58.176991959076105,-4.906718261628733,3.703273536865065,0.5660567882585936,-0.3625873467500162,0.11850460304193822,0.9243847007792029,-0.030172032909378248,0.10661884430076818,-0.9938420752162206
44,61.310626030181155,63.39325820610169,118.190285355493,179.4316339962027,3.0794842995600744,2.9901104545967385,115.11080105593292,176.44152354160596,1.8996494369041812,1.00578847845121,60.1625550626986,3.15961746134022,9.577600252082414,3.223494883540367,0.1782284821982622,0.04375993927842414,-0.9830156030540169,0.05565909555966737,0.081917569999574,-0.9950837034173785,58.3,60.1,64.8,67.1,0.9,0.9,1.05,0.301,184.5,220.8,69.4,44.4,115.1,176.4,1.9417457214737803,0.9224713502916476,60.16647850442621,3.2764119825702385,9.473530048434714,3.221460380546056,0.1782284821982622,0.04375993927842414,-0.9830156030540169,0.05565909555966737,0.081917569999574,-0.9950837034173785
45,63.84495537003974,63.64817149471516,102.5109148481643,119.02398481363473,3.46802098189689,4.0535456139387405,99.04289386626742,114.97043919969599,9.714566962248112,0.38524615509129934,57.381448888742185,10.00960059153263,-0.0545781893984896,1.2504934795026796,-0.05122432430986166,-0.26077465878416195,0.9640397532959946,-0.07699033311870299,0.11872443574616243,-0.9899378753048227,62.7,61.5,65.8,66.9,0.95,0.92,-0.362,1.161,280.9,314.8,181.9,199.9,99.0,115.0,9.602084065344133,0.31212712491530314,57.35569325942274,9.977092224593683,-0.17621543330925138,1.238433648833434,-0.05122432430986166,-0.26077465878416195,0.9640397532959946,-0.07699033311870299,0.11872443574616243,-0.9899378753048227
46,52.37529972451787,54.56312802492317,111.49023449916488,201.50954263745248,3.312543783408219,4.855837705292436,108.17769071575667,196.65370493216005,-2.531676086279902,4.321662888927672,59.38633825809698,4.001420574204947,3.4582274097927193,3.8686748140139264,0.1312104196070332,0.31358552181726485,0.9404509271052583,0.19496666223538697,0.2286320588766707,-0.9537900095254759,49.4,48.5,56.1,61.7,0.88,0.79,-0.801,-0.589,202.0,243.8,93.8,47.2,108.2,196.7,-2.7044832512235706,4.431326598802091,59.37388162615119,4.058418838644587,3.34493826139817,3.8531695458446977,0.1312104196070332,0.31358552181726485,0.9404509271052583,0.19496666223538697,0.2286320588766707,-0.9537900095254759
47,47.96711734102349,46.90421878325873,120.01650916145408,115.64592067689027,3.5198271102383414,3.2306267322344557,116.49668205121574,112.41529394465582,0.047892604173175084,3.1468718869130057,61.64936669128161,5.996841580606041,-0.7185285803646904,3.0880840310186763,0.1409107673414899,0.04059082447777829,0.9891898405338819,0.016508887981619952,-0.17119468095198492,-0.9850988974876372,45.2,46.0,51.6,48.8,0.88,0.94,0.766,-0.847,223.5,260.5,107.0,148.1,116.5,112.4,0.2569443615187374,3.236293248042855,61.615917772823266,6.225144669977801,-0.7568584079357922,3.098571194040199,0.1409107673414899,0.04059082447777829,0.9891898405338819,0.016508887981619952,-0.17119468095198492,-0.9850988974876372
48,57.98811138022528,57.43357261058219,115.88052308284631,137.05847395425528,6.227154050893789,3.52096996053473,109.65336903195252,133.53750399372055,6.911535615051567,-6.571850676130232,57.577751071627944,4.250687017647694,-3.34378597980975,2.5340048567878393,-0.07256285742685702,-0.03569918753184187,-0.9967247361892934,-0.20724074888838673,-0.05633531867962949,0.976666577635093,51.1,54.4,66.6,61.2,0.77,0.89,1.393,0.172,231.5,235.7,121.8,102.2,109.7,133.5,6.86709809378389,-6.769482984815318,57.58806467777918,4.236041410588519,-3.398009815374288,2.5277694804875925,-0.07256285742685702,-0.03569918753184187,-0.9967247361892934,-0.20724074888838673,-0.05633531867962949,0.976666577635093
