NPC,r_n107_56nm,r_n107_60nm,r_n107_4nm,r_n107_0nm,SSE_n107_56nm,SSE_n107_60nm,SSE_n107_4nm,SSE_n107_0nm,SSE_l_n107_56nm,SSE_l_n107_60nm,SSE_l_n107_4nm,SSE_l_n107_0nm,SSE_a_n107_56nm,SSE_a_n107_60nm,SSE_a_n107_4nm,SSE_a_n107_0nm,Cx_n107_56nm,Cy_n107_56nm,Cz_n107_56nm,Cx_n107_60nm,Cy_n107_60nm,Cz_n107_60nm,Cx_n107_4nm,Cy_n107_4nm,Cz_n107_4nm,Cx_n107_0nm,Cy_n107_0nm,Cz_n107_0nm,Tx_n107_56nm,Ty_n107_56nm,Tz_n107_56nm,Tx_n107_60nm,Ty_n107_60nm,Tz_n107_60nm,Tx_n107_4nm,Ty_n107_4nm,Tz_n107_4nm,Tx_n107_0nm,Ty_n107_0nm,Tz_n107_0nm,el_minor_n107_56nm,el_minor_n107_60nm,el_minor_n107_4nm,el_minor_n107_0nm,el_major_n107_56nm,el_major_n107_60nm,el_major_n107_4nm,el_major_n107_0nm,el_q_n107_56nm,el_q_n107_60nm,el_q_n107_4nm,el_q_n107_0nm,el_rot_n107_56nm,el_rot_n107_60nm,el_rot_n107_4nm,el_rot_n107_0nm,el_ssum_n107_56nm,el_ssum_n107_60nm,el_ssum_n107_4nm,el_ssum_n107_0nm,el_ssumXY_n107_56nm,el_ssumXY_n107_60nm,el_ssumXY_n107_4nm,el_ssumXY_n107_0nm,el_ssumZ_n107_56nm,el_ssumZ_n107_60nm,el_ssumZ_n107_4nm,el_ssumZ_n107_0nm,eCx_n107_56nm,eCy_n107_56nm,eCz_n107_56nm,eCx_n107_60nm,eCy_n107_60nm,eCz_n107_60nm,eCx_n107_4nm,eCy_n107_4nm,eCz_n107_4nm,eCx_n107_0nm,eCy_n107_0nm,eCz_n107_0nm,eTx_n107_56nm,eTy_n107_56nm,eTz_n107_56nm,eTx_n107_60nm,eTy_n107_60nm,eTz_n107_60nm,eTx_n107_4nm,eTy_n107_4nm,eTz_n107_4nm,eTx_n107_0nm,eTy_n107_0nm,eTz_n107_0nm
0,55.286485413481046,58.22659163749893,54.96754912106148,57.794323485560724,52.18638670608727,31.487497572263916,45.1137717770182,54.57900510323732,4.638585528430888,4.644629676110924,3.657375540609162,5.245833565712243,47.54780117765638,26.842867896152992,41.45639623640904,49.33317153752508,-1.0435316351926396,5.772809000388814,56.26400114666895,-1.1082951311584845,5.550252208216319,60.4474869155665,0.749767242389536,10.207153090531401,4.74263233327684,1.3246175075993667,9.413945649752284,0.8319314289138016,-0.23297290200382667,0.19504085960744333,-0.9527238267281368,-0.23501627895073596,0.19899181498484564,-0.9514040183839813,-0.1699895703127446,-0.06361854085866248,0.9833901704023198,-0.17419779887577405,-0.07104649377666616,0.9821443491609967,52.4,56.2,50.3,51.0,59.7,61.9,60.3,65.6,0.88,0.91,0.83,0.78,-0.392,-0.086,-0.192,-0.303,166.9,185.5,52.5,57.0,119.3,158.7,11.0,7.6,47.5,26.8,41.5,49.3,-1.0230285462964326,5.664003082016389,56.236712793800514,-0.7831710027987517,4.975571848855352,60.24697677801882,0.7780071316033804,10.195738082780338,4.746775429901918,1.367532335134672,9.468414682703164,0.8434831955314492,-0.23297290200382667,0.19504085960744333,-0.9527238267281368,-0.23501627895073596,0.19899181498484564,-0.9514040183839813,-0.1699895703127446,-0.06361854085866248,0.9833901704023198,-0.17419779887577405,-0.07104649377666616,0.9821443491609967
1,58.287154287596096,60.91827897700689,60.70805378414288,63.85131631812985,43.67912859576331,38.085424393671055,13.569292422315307,23.96576721330554,4.060509128198732,6.434105295484368,1.4455947645549196,1.3714376750058614,39.61861946756458,31.651319098186686,12.123697657760388,22.59432953829968,-1.2870985215112414,3.7295114136392096,54.15381361555675,-1.3366916007324783,5.854443161216166,57.521819636850644,6.1715251493886,-1.7474165383682831,6.81355288954251,7.8643278907190455,-1.3520256622755604,2.7754168471496974,-0.015453159826712212,0.2557038278521308,0.9666316528404902,-0.018012876020665137,0.2561726684092805,0.966463191361954,0.00493361611410005,0.08948579154197495,-0.9959758794991699,-0.003895949489545759,0.08790828337072137,-0.9961209541478322,54.4,53.5,59.3,62.9,63.1,70.2,62.2,64.9,0.86,0.76,0.95,0.97,-0.366,-0.381,-0.262,0.268,94.7,99.9,20.1,33.3,55.0,68.3,8.0,10.7,39.6,31.7,12.1,22.6,-1.4525547379338914,3.837938342789854,54.12248627168818,-1.6936749999950376,5.877000462636646,57.509187120766775,6.123204213838673,-1.7401294056520016,6.8139682589318955,7.81579632999204,-1.359160036310026,2.7749770470800077,-0.015453159826712212,0.2557038278521308,0.9666316528404902,-0.018012876020665137,0.2561726684092805,0.966463191361954,0.00493361611410005,0.08948579154197495,-0.9959758794991699,-0.003895949489545759,0.08790828337072137,-0.9961209541478322
2,60.574518977497846,63.19634434677505,60.59276735762883,63.45778233598891,72.62656701230314,62.39525948586775,104.07005124498842,98.93480840153663,4.672212782901541,4.415982356682024,2.4735640699193393,3.6097725365360915,67.9543542294016,57.979277129185725,101.59648717506909,95.32503586500053,-2.0056530893316236,0.607922476607338,55.27991551782798,-3.6075960981069275,-0.0189522407475871,58.7309310312552,4.681485972095192,0.6405001969777787,2.9236825303624507,4.62306215059939,-0.8663590510346787,-0.8524198572303897,0.1612704954756948,-0.18550568844130888,-0.9693190738064221,0.16454363729755692,-0.17906945529131624,-0.9699791346243285,-0.0884749522297879,-0.31641249440090513,-0.9444868004450534,-0.09701219799649179,-0.3130446544509182,-0.9447707011543038,54.5,57.5,58.3,59.9,67.5,69.6,63.3,67.7,0.81,0.83,0.92,0.89,-0.863,-0.78,-0.356,-0.292,78.0,68.5,125.8,141.5,10.0,10.5,24.2,46.1,68.0,58.0,101.6,95.3,-2.087126342919715,0.6500065258944027,55.25830646970793,-3.5833330505013965,0.036875651439206826,58.72474044433981,4.806091899662639,0.5826863303414745,2.9313782718602153,4.552265477215843,-0.9898759738414802,-0.8042235559913269,0.1612704954756948,-0.18550568844130888,-0.9693190738064221,0.16454363729755692,-0.17906945529131624,-0.9699791346243285,-0.0884749522297879,-0.31641249440090513,-0.9444868004450534,-0.09701219799649179,-0.3130446544509182,-0.9447707011543038
3,56.332399839519354,58.68785394292181,53.24121346772051,55.712157791944634,56.74271174208083,54.78778282368617,19.567646295038053,35.15167753580855,4.780426723179354,4.416137866714579,5.612091193926302,5.055065014534511,51.962285018901476,50.37164495697159,13.95555510111175,30.096612521274043,-5.623617531445403,-1.8679861522424577,56.2202624520993,-4.626058688945715,-2.456637626735068,60.19191715309371,-5.828391253685362,-1.7724608228438754,2.8499704388860145,-7.325308879024237,-1.0820307043355628,-1.0653947591545028,-0.11811842767980085,-0.002859460972956085,-0.9929953980383777,-0.11652711061252438,-0.014331805031695954,-0.9930841010996151,0.08035705472705007,-0.03843229032563322,-0.9960249509002873,0.07775709281524724,-0.02732930154357427,-0.9965976840200168,50.1,53.8,48.2,52.0,63.4,64.4,60.0,61.0,0.79,0.84,0.8,0.85,0.454,0.851,1.172,-1.505,59.6,86.4,105.5,135.2,7.7,36.1,91.5,105.1,52.0,50.4,14.0,30.1,-5.608492325094732,-1.837632860513561,56.21837587775134,-4.400960614893128,-2.4574584085065614,60.165516302591286,-5.978361058829201,-1.9584749492650182,2.8450486917715163,-7.574153197798663,-1.3428612502123094,-1.0776575752812196,-0.11811842767980085,-0.002859460972956085,-0.9929953980383777,-0.11652711061252438,-0.014331805031695954,-0.9930841010996151,0.08035705472705007,-0.03843229032563322,-0.9960249509002873,0.07775709281524724,-0.02732930154357427,-0.9965976840200168
4,62.38409223729718,65.45870889019787,64.02455238424591,67.0104203306889,54.9652649910161,70.62975158207044,22.50434531561281,46.427998955277594,9.648051592873289,8.386552292703241,1.6543404163767528,1.1714235605183032,45.31721339814281,62.2431992893672,20.85000489923606,45.25657539475929,5.210989962690508,-11.403012346451309,55.09509542890807,5.9977978378711265,-10.829161797498235,59.112479098354825,6.237458893319419,5.445925924336223,4.688447902620478,5.613845689843194,6.99425052997236,0.58617803204435,-0.11951955128468189,0.08457051634954027,0.9892233845927221,-0.1047535513100977,0.08559554053011331,0.9908078001960221,0.02519745676084431,0.02425439452321454,-0.999388219121627,0.01701773964461169,0.039011993733205574,-0.9990938198599512,50.8,55.6,63.0,65.4,77.7,78.0,65.3,68.7,0.65,0.71,0.97,0.95,-1.399,-1.472,0.12,-1.361,104.7,132.0,38.0,45.4,59.4,69.7,17.2,0.2,45.3,62.2,20.9,45.3,4.815198399746716,-10.617749840787097,54.98014173154265,5.56941989194341,-10.486493844312747,59.037585703491125,6.056859068236853,5.3553817823461785,4.681697022936249,5.482834815293299,6.915062466457573,0.5808544146967498,-0.11951955128468189,0.08457051634954027,0.9892233845927221,-0.1047535513100977,0.08559554053011331,0.9908078001960221,0.02519745676084431,0.02425439452321454,-0.999388219121627,0.01701773964461169,0.039011993733205574,-0.9990938198599512
5,53.970463828357225,56.64976857017008,54.114445175573564,56.599582415692694,44.62101477080691,45.62903240645652,19.84980670451249,9.342167593989712,5.042433875272145,4.200747658921956,3.9730382657240013,3.6301073958850574,39.57858089553476,41.42828474753456,15.876768438788488,5.7120601981046555,4.469015830375551,5.232256578952332,57.51605330896418,4.022906392693647,1.6976083235759512,60.388018699332406,-7.026128919408858,-2.34321981479704,4.281682780569602,-7.673199448966126,-3.5607717314757674,0.22237928976598342,-0.21225105831921576,-0.12046006686247657,0.9697622701125572,-0.22778636640202793,-0.11354838873396422,0.9670678025336601,0.0658607200010293,-0.03614110048978836,0.9971741003537613,0.06066953744441209,-0.03463636653365709,0.9975567800078485,48.9,52.0,49.9,52.2,60.3,62.2,59.1,61.6,0.81,0.84,0.84,0.85,1.117,1.311,1.164,1.212,98.8,78.5,49.3,20.3,59.2,37.1,33.4,14.5,39.6,41.4,15.9,5.7,4.6722239054462085,5.339126337089036,57.5738042330097,4.107339632370257,1.638258929442061,60.40093786876449,-6.89479803722392,-2.428477444431217,4.269918685398018,-7.712395545683893,-3.585665055564065,0.22389879701660628,-0.21225105831921576,-0.12046006686247657,0.9697622701125572,-0.22778636640202793,-0.11354838873396422,0.9670678025336601,0.0658607200010293,-0.03614110048978836,0.9971741003537613,0.06066953744441209,-0.03463636653365709,0.9975567800078485
6,58.642471590949434,61.56857359471044,59.57763331362199,62.308162923658955,37.55792958539511,21.907018946444982,142.92001287167605,132.2305674358745,4.541127998959704,3.072213252887649,5.6567538932366865,5.730102922316493,33.016801586435406,18.834805693557332,137.26325897843935,126.50046451355799,7.2769885549736655,-3.8524852947329977,57.9918442047122,6.019993143438791,-3.291503713343405,62.07531157325092,-13.769135132551945,-3.1791878532420776,3.4048815021238528,-15.432489735195922,-2.027097957851808,-0.9506763419024817,-0.14645792679635908,-0.167807555952054,-0.9748798386693155,0.1378806218001905,0.18023687998985805,0.9739114955803296,0.0291213837762376,-0.21508905418927343,0.976160152728496,0.02352668330985117,-0.21009392017284634,0.977398096928188,53.4,57.7,52.4,55.2,64.8,65.8,68.0,70.7,0.82,0.88,0.77,0.78,1.283,0.549,-0.172,-0.168,61.2,29.6,153.4,153.9,28.1,10.8,16.1,27.4,33.0,18.8,137.3,126.5,7.204645620637592,-3.8043804165788706,57.99443204584784,6.0041400110236,-3.2657456989242792,62.07278906026088,-13.977428594522042,-2.944643802294681,3.4627753341658036,-15.522012838714383,-2.080558547135021,-0.9600129296250761,-0.14645792679635908,-0.167807555952054,-0.9748798386693155,0.1378806218001905,0.18023687998985805,0.9739114955803296,0.0291213837762376,-0.21508905418927343,0.976160152728496,0.02352668330985117,-0.21009392017284634,0.977398096928188
7,53.78474987583937,55.75887165025324,52.589189360731545,55.302591715499254,10.690971836860339,8.33779989130375,37.035293951302926,56.10721864362768,1.2330971866179996,1.8975890294177993,7.396747669444623,5.784657083468411,9.457874650242339,6.44021086188595,29.638546281858304,50.32256156015927,9.34462288236324,-8.248649297928218,56.200846154245646,10.034985441429624,-6.3604062690335175,59.63042407304807,5.0482230550461935,-9.257141357405205,5.309389526131484,3.4684319905427787,-10.13661860708669,1.3833093938554335,-0.1626275931593508,0.15564696414196655,0.9743337664766555,0.1527562585451844,-0.15460069233561602,-0.9760963842800696,-0.11227909940807314,-0.05865733723198968,-0.991943910019596,-0.10697107308361503,-0.05646423074995266,-0.992657534182437,52.2,53.2,46.9,50.0,55.5,58.5,61.2,62.4,0.94,0.91,0.77,0.8,-1.09,-0.727,-0.092,-0.104,10.8,7.5,200.7,148.5,1.4,1.1,171.1,98.2,9.5,6.4,29.6,50.3,9.07149749534015,-8.232751131489174,56.15271867752531,10.029447207288815,-6.34965489378381,59.62785448051207,4.70653956253512,-9.210753088008635,5.345321903053321,3.7795439991217514,-9.995649904454437,1.3417646784417678,-0.1626275931593508,0.15564696414196655,0.9743337664766555,0.1527562585451844,-0.15460069233561602,-0.9760963842800696,-0.11227909940807314,-0.05865733723198968,-0.991943910019596,-0.10697107308361503,-0.05646423074995266,-0.992657534182437
8,56.41512594401941,59.33786314211285,57.90241446458255,60.8994103213753,21.654205214425183,32.578838632361666,87.85577028200498,68.47986657216768,7.985791643741436,7.010044483277372,6.190199627385745,5.126177266418068,13.668413570683747,25.568794149084297,81.66557065461924,63.35368930574962,2.1634512910515986,-4.039912518473152,55.635169411050946,2.8027330928015517,-6.702635986818934,59.25357357967993,-2.4339521784977416,-0.8408167957041642,8.26331934265993,-3.0199825177610142,-3.2206789208070905,4.666090554341925,-0.2081134002101039,0.01951033543031233,-0.9779100978435522,-0.21136566440399224,0.023601388195770068,-0.9771220652437911,0.06182688081419549,0.17796870094947836,0.982091939836155,0.06711987223507154,0.16332897519658385,0.9842858165250485,47.6,50.4,50.2,55.0,68.1,70.4,67.2,68.0,0.7,0.72,0.75,0.81,0.067,-0.048,-0.128,-0.124,88.4,53.5,108.9,111.7,74.7,27.9,27.2,48.3,13.7,25.6,81.7,63.4,2.4264072260755003,-4.148123115863564,55.577049672926975,3.0242234701866404,-6.722375626481216,59.205185210042806,-2.5818503737953113,-0.7804443442272054,8.261689838736439,-3.250957306324092,-2.984111204921728,4.642585832528546,-0.2081134002101039,0.01951033543031233,-0.9779100978435522,-0.21136566440399224,0.023601388195770068,-0.9771220652437911,0.06182688081419549,0.17796870094947836,0.982091939836155,0.06711987223507154,0.16332897519658385,0.9842858165250485
9,57.8782332468344,60.04525696145886,57.35579568710419,60.2659525427565,29.798220756011162,37.69673486805969,17.473352974110036,29.811806646037425,6.4204092728302005,8.488945554320939,4.026023088229333,4.720006640955078,23.37781148318096,29.207789313738754,13.447329885880704,25.091800005082348,-4.805626786797536,2.726609236056513,56.92255396423716,-5.97367948573618,2.6217867686293492,60.68982741088792,0.0198736221007392,6.499961560073611,5.7785865136642265,0.2754741653315471,8.45309700933034,1.916878352251258,-0.052537710515220194,0.016354308475822976,0.9984850151945681,-0.050775142400528904,0.002747102064032947,0.9987063323842781,-0.01601919839050326,0.20909102543115032,-0.977764965810841,-0.0133869669262854,0.21708029871910187,-0.9760619514275413,50.6,52.0,53.1,55.3,67.2,71.5,62.4,66.3,0.75,0.73,0.85,0.83,-1.406,-1.465,0.949,0.818,97.0,209.4,50.8,80.2,73.6,180.2,37.4,55.1,23.4,29.2,13.4,25.1,-4.503751181485577,2.4324122370112806,56.94325657000887,-6.687233396861904,2.189738017823443,60.65473809754683,-0.14004568267913783,6.676832637935923,5.819029703481618,0.1462634733908117,8.576238862134648,1.9460377815369605,-0.052537710515220194,0.016354308475822976,0.9984850151945681,-0.050775142400528904,0.002747102064032947,0.9987063323842781,-0.01601919839050326,0.20909102543115032,-0.977764965810841,-0.0133869669262854,0.21708029871910187,-0.9760619514275413
10,47.844510415895435,49.830802596983254,49.66840914431536,52.57636318403078,12.053609269431597,14.300955697538882,25.301979481854147,17.054641269637486,5.3799046036843166,5.877442033553558,7.074741665581373,6.596315628732698,6.67370466574728,8.423513663985323,18.227237816272773,10.458325640904789,-2.9790482857426057,0.6070004852382358,55.44602890127234,-3.0369233346188804,1.9852296175033428,59.409756853584135,-9.6171313736503,1.3887224525773765,-1.0214384534543397,-8.003217802101327,-0.914127601981161,-4.737467566761946,0.08354476871220747,-0.09131009667228651,-0.9923118148377159,0.0904426463159448,-0.08429653767669276,-0.9923276784727366,0.1216130473962994,0.040741933893427174,-0.9917410758487366,0.125146731076025,0.028345855660600217,-0.9917332343769941,41.9,45.0,42.5,45.4,55.5,56.9,59.7,62.0,0.75,0.79,0.71,0.73,0.717,0.907,1.031,0.8,61.1,131.4,113.8,86.9,54.4,123.0,95.6,76.4,6.7,8.4,18.2,10.5,-3.537248066753894,0.41800539636045875,55.416423779853346,-3.5370681274774993,2.04729191613798,59.35890061264959,-9.41005405439353,1.2608697422966624,-1.0012977759554011,-7.604056039605987,-0.8783575766216074,-4.68607499469122,0.08354476871220747,-0.09131009667228651,-0.9923118148377159,0.0904426463159448,-0.08429653767669276,-0.9923276784727366,0.1216130473962994,0.040741933893427174,-0.9917410758487366,0.125146731076025,0.028345855660600217,-0.9917332343769941
11,61.652406255163875,64.32305165182963,60.74893504169164,63.936698368409466,31.350955643146335,59.95912031329033,88.75129175275534,61.79122614364663,5.328472631425767,6.58581173360561,5.845167285237999,4.797410277497813,26.022483011720567,53.37330857968472,82.90612446751733,56.99381586614882,-0.6322514496009255,11.305210710501594,56.75620917442243,-0.5229173341388131,11.543886410926058,60.833493340926765,-0.592804934117446,7.849310488844567,3.435471275799112,-0.5607072372880367,7.962925795456937,-0.6293212072936095,0.04171714428786985,-0.010435768231759734,0.9990749594569359,0.05100569664459916,-0.010070980590084377,0.998647582613483,0.021818920916949862,-0.2505807788916227,-0.9678497858346032,0.024178711191959433,-0.24191354648994404,-0.9699965082152376,54.7,56.3,54.0,57.9,69.7,74.0,69.0,70.8,0.78,0.76,0.78,0.82,-0.554,-0.48,0.69,0.781,34.1,90.0,132.1,73.3,8.1,36.6,49.2,16.3,26.0,53.4,82.9,57.0,-0.6952778576885069,11.183193139610545,56.75756636454844,-0.40258005896602617,11.302796676089136,60.824915843978246,-0.8427010805943592,7.927136545243776,3.4096881651829447,-0.5910810602201291,7.899253885396724,-0.614198784111928,0.04171714428786985,-0.010435768231759734,0.9990749594569359,0.05100569664459916,-0.010070980590084377,0.998647582613483,0.021818920916949862,-0.2505807788916227,-0.9678497858346032,0.024178711191959433,-0.24191354648994404,-0.9699965082152376
12,60.03833826316972,62.60287654589102,58.51235578215723,61.1446239530612,4.389454801297158,14.03172561760048,56.91520068843272,50.87865255610454,2.5146337261183804,2.4162676935064344,5.011158318012592,4.994580048436342,1.8748210751787775,11.615457924094047,51.90404237042013,45.8840725076682,-6.965440245615739,2.2616591268628676,53.908762181608424,-7.084493853429506,2.3297203468379717,57.38484165944483,-4.537444211246649,3.874332601445568,4.309939442457721,-3.3920015013277105,4.757018780782101,0.5475360068091891,0.026483902222410458,0.10706558269749572,0.993899171910672,0.0225550129053978,0.10290852287076013,0.9944350694305766,-0.08726932951309892,0.04801661225993015,0.9950268685183398,-0.09231299487095058,0.04702700997686793,0.9946189075774656,57.5,61.4,51.8,54.5,62.9,64.3,66.0,68.6,0.91,0.95,0.79,0.8,0.849,0.831,0.469,0.376,22.9,49.9,53.9,49.2,21.0,38.3,2.0,3.3,1.9,11.6,51.9,45.9,-6.775799879537275,2.2750128531848715,53.90227043517695,-6.877286454535615,2.4327793617727074,57.36947693929237,-4.42344978677654,3.856277621339383,4.320808652438917,-3.414896594459628,4.756333591920591,0.5454434543596286,0.026483902222410458,0.10706558269749572,0.993899171910672,0.0225550129053978,0.10290852287076013,0.9944350694305766,-0.08726932951309892,0.04801661225993015,0.9950268685183398,-0.09231299487095058,0.04702700997686793,0.9946189075774656
13,60.0756523104106,63.035325907147595,59.01639156191369,61.83772814941325,34.99245477232178,45.83979325896877,55.022332141652385,43.6537765509235,3.672543530740435,3.4296816146150206,4.5643959642899015,5.313813744553364,31.31991124158134,42.41011164435375,50.457936177362484,38.33996280637014,2.8106602142740496,0.9146048544689813,55.97622300872853,1.5324089592942645,1.938126973574883,60.35406293261395,4.226399442974751,-4.648788191138362,1.923505268237252,4.602110197344058,-4.316922070088517,-2.3275051663471737,-0.04687568978815882,0.20579910446373417,-0.9774709194184805,-0.059619945973251084,0.20622117599054757,-0.9766874057830491,-0.0014732472744117713,-0.2067815968372168,0.9783860182729099,0.011292819127495066,-0.211513636702474,0.9773098043737449,57.0,60.2,54.8,56.7,64.0,66.5,64.4,68.4,0.89,0.9,0.85,0.83,-0.807,-0.815,-0.329,-0.113,99.6,93.1,117.7,113.1,68.3,50.7,67.3,74.8,31.3,42.4,50.5,38.3,2.844089095494768,1.2243296724176131,56.03983010645676,1.5757670278635694,1.9953007077663258,60.3634880863946,4.298543495853235,-4.7145700455100465,1.909710926731385,4.552074932520882,-3.9474828904792405,-2.2469713752576475,-0.04687568978815882,0.20579910446373417,-0.9774709194184805,-0.059619945973251084,0.20622117599054757,-0.9766874057830491,-0.0014732472744117713,-0.2067815968372168,0.9783860182729099,0.011292819127495066,-0.211513636702474,0.9773098043737449
14,54.316170990921506,57.037193117005025,56.94930741202295,59.46009089449997,16.852010922748953,28.923037355919906,102.92528248119966,68.97835947590639,3.1581184491174845,2.6300490504968628,3.8918156340979704,3.4696901333116568,13.69389247363147,26.292988305423044,99.03346684710169,65.50866934259473,-0.3910262798087168,-7.579488490845797,55.98499771815921,-2.092371832810741,-8.197746150000357,59.38800161190294,-1.9103889040643094,-0.22891054535463637,1.4106332108778143,-2.3956853715064286,1.0692979656856199,-2.587040090421309,-0.29063300547043497,-0.00670014394578855,0.9568111434354892,0.28975301921597574,-0.0025999598181911665,-0.9570979197888638,0.22561604969035395,0.055849384256272616,-0.9726141292415585,0.22366183453629027,0.052304655581096426,-0.9732623524910452,51.3,53.9,53.3,56.7,57.9,60.5,61.5,63.0,0.88,0.89,0.87,0.9,0.191,-0.106,0.631,0.62,45.7,40.2,163.7,125.0,32.0,13.9,64.6,59.5,13.7,26.3,99.0,65.5,-0.31542115852356756,-7.84174963920134,56.00612639785884,-2.0941939603890085,-8.300881083782299,59.38773014513016,-2.001949624555183,-0.07859968913023929,1.3980251282599416,-2.399364734859928,1.1681741139829283,-2.582571871021703,-0.29063300547043497,-0.00670014394578855,0.9568111434354892,0.28975301921597574,-0.0025999598181911665,-0.9570979197888638,0.22561604969035395,0.055849384256272616,-0.9726141292415585,0.22366183453629027,0.052304655581096426,-0.9732623524910452
15,58.6132428344977,61.457424677832066,57.723355349593106,60.44065614509498,23.88286229440754,19.86821162835622,65.03778398516945,85.40458927054371,5.667299887629728,6.707152438855274,3.445616243938089,4.0072229374589154,18.215562406777813,13.161059189500946,61.59216774123137,81.39736633308479,-0.996821951221225,2.4649928115975226,54.56133255829763,-2.8000971554669625,1.7808058247498968,58.46024235535898,6.50995972439242,-1.872496471724757,2.1094270312880066,6.42393651908372,-2.3956665896438514,-2.000777002349193,-0.15132423073682277,-0.11226459913163334,0.9820884058849908,-0.1412305823316778,-0.1161248791347037,0.9831423778172754,0.053101154058189534,-0.10969235962530632,0.9925461468755601,0.04737724957880304,-0.1048406492388797,0.9933598715921225,52.1,54.2,53.7,55.8,66.6,70.6,62.3,65.9,0.78,0.77,0.86,0.85,0.186,0.041,1.176,1.34,72.2,86.0,82.1,113.0,53.9,72.8,20.5,31.6,18.2,13.2,61.6,81.4,-0.9512254501623209,2.5393989841031845,54.57686378184624,-2.958796512879049,1.4394589789477188,58.397126304952806,6.4729475697617,-1.8828249853046761,2.1102657117883425,6.422058948454645,-2.5244454397113048,-2.0142789612067777,-0.15132423073682277,-0.11226459913163334,0.9820884058849908,-0.1412305823316778,-0.1161248791347037,0.9831423778172754,0.053101154058189534,-0.10969235962530632,0.9925461468755601,0.04737724957880304,-0.1048406492388797,0.9933598715921225
16,57.44829594126539,59.87544840624672,59.32765809740765,62.166141368769125,137.63174475356104,131.53332333199523,33.97094193207232,26.150541534295815,2.9681462010729414,3.5870366090156867,3.265647756150269,3.443210308452572,134.66359855248808,127.94628672297954,30.70529417592205,22.707331225843244,3.4187788847087397,2.195915153538134,56.06418998160495,3.8517980768841684,2.676440267737776,59.54566532691508,-6.284734745763422,-11.87499164962187,9.991314130865844,-6.366076692160502,-14.764399338860818,6.60898040898019,0.015919043686363533,-0.14350116652461517,-0.989522106501005,0.0145646666576985,-0.14799474623406023,-0.9888808955441835,-0.06751607337444218,-0.11052509898685126,-0.99157742124861,-0.06085969041685828,-0.11673709048527486,-0.9912963985546386,54.6,56.1,55.1,57.5,60.9,64.2,64.0,67.2,0.9,0.87,0.86,0.86,1.39,1.41,-1.437,-1.459,169.4,159.7,36.9,24.4,34.7,31.7,6.2,1.7,134.7,127.9,30.7,22.7,3.328810080221416,2.3456000985689007,56.041035186576515,3.71184567514819,2.7386663115945677,59.53429137106292,-6.130519220267277,-11.583910436679512,9.948368612244694,-6.293085090830941,-14.424645344858558,6.5644890347909675,0.015919043686363533,-0.14350116652461517,-0.989522106501005,0.0145646666576985,-0.14799474623406023,-0.9888808955441835,-0.06751607337444218,-0.11052509898685126,-0.99157742124861,-0.06085969041685828,-0.11673709048527486,-0.9912963985546386
17,49.55901951518024,52.06367445362309,49.06603771075325,51.482591396462595,56.44046925654688,37.864956614666994,22.98772072581919,53.986026892920975,3.754414489707094,3.2192951920972153,4.797589243676715,5.074269587542609,52.68605476683979,34.64566142256978,18.190131482142476,48.911757305378366,-0.09219661358699438,-6.852690484803362,55.1828959867852,0.4554873982308141,-5.971735898477019,58.48551828935413,-9.299423250790635,-0.23038702736680516,2.182765427425234,-6.788327937240377,1.6221081830249438,-1.6464978044043979,-0.06324124970352787,0.1107095491101524,-0.9918386663524279,-0.06259452841098942,0.10990027275522674,-0.9919696845475332,-0.210455755985384,0.01919662769147712,0.9774148884981723,-0.21388355362924388,0.02210586416827831,0.9766090088957298,44.9,49.6,43.1,45.0,54.9,55.2,56.1,59.0,0.82,0.9,0.77,0.76,-1.522,1.455,1.553,1.45,65.2,85.8,34.7,58.0,12.5,51.1,16.5,9.1,52.7,34.6,18.2,48.9,-0.14078501588587244,-6.606489395094176,55.21347515650657,0.5077120699260846,-5.720518457753246,58.51005521516889,-9.11167919221771,-0.14106928923632006,2.221436025610688,-6.853534850153903,1.4939150123863154,-1.6578768366849466,-0.06324124970352787,0.1107095491101524,-0.9918386663524279,-0.06259452841098942,0.10990027275522674,-0.9919696845475332,-0.210455755985384,0.01919662769147712,0.9774148884981723,-0.21388355362924388,0.02210586416827831,0.9766090088957298
18,49.413431674821005,51.78822676655061,52.31639660241642,54.84344089736241,19.76928673930341,16.25347748295159,29.446405839094492,25.927161988177957,5.138852107360032,4.476066695894232,3.26667645417896,2.65872691751242,14.630434631943377,11.777410787057356,26.179729384915532,23.268435070665536,-7.892922255737039,-2.75216026759472,57.91503691627845,-7.460301118486911,-2.164839736375879,61.74984782615856,-4.676880731639168,-2.6460043588545634,4.988231313155206,-5.245298369296894,-3.5713128424965457,0.775776714865527,-0.15478297246143988,-0.454512714650684,-0.8771889327031359,-0.15214497361638726,-0.45068441674657833,-0.8796223414085533,0.08520835967943373,0.21377902835265294,0.9731588064017791,-0.09303934401635414,-0.21170214060240966,-0.9728956183113192,46.9,47.9,49.7,52.5,53.9,57.0,55.6,57.6,0.87,0.84,0.89,0.91,-0.033,-0.012,-0.428,-0.641,159.8,81.8,70.7,52.1,145.1,70.1,44.5,28.8,14.6,11.8,26.2,23.3,-8.174842039747215,-2.8799744261794644,58.031009129972986,-7.716382752393124,-2.1445883707996125,61.78376528953661,-4.52086507288384,-2.542624880869807,4.951860884722356,-5.0466243601841185,-3.456097532261986,0.731706388634436,-0.15478297246143988,-0.454512714650684,-0.8771889327031359,-0.15214497361638726,-0.45068441674657833,-0.8796223414085533,0.08520835967943373,0.21377902835265294,0.9731588064017791,-0.09303934401635414,-0.21170214060240966,-0.9728956183113192
19,59.164532950800506,62.12508700076035,57.38419666959061,60.55327706642788,5.769528688351332,9.03445521334536,22.95675464561919,24.59542279759247,3.332037833453153,3.520934836122378,5.736542048426738,4.93240401061363,2.437490854898179,5.5135203772229815,17.22021259719245,19.66301878697884,-4.475535945254468,-6.862132978892197,54.194925855091014,-4.737321639473062,-8.397275245198843,57.90973385250603,-1.4447931691453215,-0.8398644000893425,2.769185731208882,-0.12469044148900371,-1.6605241306948764,-0.7476139843450007,-0.016170902127315107,0.20095608582123609,-0.9794667699803792,0.026623137480751524,-0.20848122476528766,0.9776639440375443,-0.04208569775372938,0.11842093530718556,0.9920712051690408,0.034270156246593186,-0.12025274003463562,-0.9921516189096283,56.9,58.7,49.9,54.6,62.1,66.2,66.0,67.4,0.92,0.89,0.76,0.81,0.408,-0.506,-1.078,1.558,63.1,41.7,23.2,42.8,60.7,36.2,6.0,23.1,2.4,5.5,17.2,19.7,-4.334769213548209,-6.823384105146295,54.20055187235433,-4.642793300090114,-8.247778295849315,57.939039081873005,-1.3676737959652543,-0.9129066891154125,2.7811761596701454,-0.011703028135011173,-1.5901635366913327,-0.7522392430477927,-0.016170902127315107,0.20095608582123609,-0.9794667699803792,0.026623137480751524,-0.20848122476528766,0.9776639440375443,-0.04208569775372938,0.11842093530718556,0.9920712051690408,0.034270156246593186,-0.12025274003463562,-0.9921516189096283
20,45.900097262215056,48.30979413070801,47.432565704971665,49.962100036227824,56.56112167113915,103.49972193841435,28.69051719080817,15.498588504671115,7.25903860216756,6.581966288935125,5.840002766391979,5.670709156134877,49.30208306897159,96.91775564947923,22.85051442441619,9.827879348536237,3.287123496622526,2.1330978373436036,58.12515403144492,4.3724589893998775,1.8144576599819202,61.589853606085256,2.8452360720091265,-0.20094927676193414,3.546539095594872,1.1436210157391706,0.7360464716116778,0.18536220382968696,-0.06659384668892193,0.03902749144997247,-0.9970166069300423,-0.06661272446363564,0.04916380011374816,-0.9965669398981222,-0.09448853429799782,-0.055859675093816674,-0.9939575511985556,-0.09824137025873672,-0.028730247024752742,-0.9947478102894132,37.3,40.2,40.2,42.5,57.0,58.6,56.3,58.8,0.65,0.69,0.71,0.72,0.756,0.516,0.44,-0.175,72.4,118.0,39.5,12.9,23.1,21.0,16.7,3.1,49.3,96.9,22.9,9.8,3.375790473853164,1.8960112721013853,58.10995110615701,4.5625509885555084,1.9984872308740858,61.58622620005822,2.9975820484358717,0.08279568466425957,3.5161103822790323,1.2308113518488863,0.7635624530371676,0.17595656459183934,-0.06659384668892193,0.03902749144997247,-0.9970166069300423,-0.06661272446363564,0.04916380011374816,-0.9965669398981222,-0.09448853429799782,-0.055859675093816674,-0.9939575511985556,-0.09824137025873672,-0.028730247024752742,-0.9947478102894132
21,53.105787849955675,55.204133206993774,52.0110860374802,54.32396998669692,101.57600137282695,64.67726034335251,20.37051158759718,21.890719190709863,4.705035047581685,4.678649073206253,5.10052578845127,5.083413779283423,96.87096632524526,59.998611270146256,15.269985799145909,16.80730541142644,-3.4850429511010885,-2.0815876948463328,56.08317081763071,-3.4288492755822206,-0.6206014432282533,59.823240374020735,10.137698300079172,-5.279249150469181,3.7730780329052305,9.00199631643743,-4.746206109956977,0.05743096574776329,-0.15217298553801126,-0.0031839432002007673,0.9883487466366043,-0.15146964459219103,0.0019024819285137218,0.988460078773861,-0.13227507840254826,0.17057045275237437,-0.9764266609845564,-0.1364834408800532,0.1695739045423852,-0.9760209840284126,50.9,54.2,46.5,51.1,56.9,57.9,58.9,59.2,0.9,0.94,0.79,0.86,-1.227,-1.43,-0.37,-0.398,225.6,214.9,68.7,139.1,128.8,154.9,53.4,122.2,96.9,60.0,15.3,16.8,-3.225762458152298,-1.9027243224502908,56.12366763381861,-3.259999300154882,-0.46904845713521154,59.848822913460765,10.038163453058312,-4.957535421573309,3.8427615419762406,8.824302324141614,-4.602567700656913,0.10723482672510089,-0.15217298553801126,-0.0031839432002007673,0.9883487466366043,-0.15146964459219103,0.0019024819285137218,0.988460078773861,-0.13227507840254826,0.17057045275237437,-0.9764266609845564,-0.1364834408800532,0.1695739045423852,-0.9760209840284126
22,56.651457980362636,59.32539585819984,60.31319815445858,63.11833358917806,41.219589823062556,35.059185619670025,96.42852523230282,72.8594222106531,3.0185939130987336,4.6590290259761815,2.3437647551327685,2.3703728006206983,38.20099590996382,30.400156593693843,94.08476047717005,70.4890494100324,8.178418903021432,-8.257220166984176,55.09673366573138,8.465625215328563,-8.01947100003389,59.02301290734794,9.27088305920297,5.188154977938279,5.789867133545823,9.87069367020638,4.982223196323639,1.7637297230519156,-0.08701339118573148,0.042979292304992645,-0.9952795839297224,-0.07932513591650485,0.04887465764268062,-0.9956499337880451,-0.0667497604805711,-0.21925356097460347,0.9733819114179914,-0.07470203873988274,-0.21922788914790203,0.9728097131648412,53.1,55.8,57.3,60.1,60.6,64.1,63.5,66.3,0.88,0.87,0.9,0.91,-0.401,-0.596,1.249,1.463,54.1,121.9,99.1,76.3,15.9,91.5,5.0,5.8,38.2,30.4,94.1,70.5,8.340811289384174,-8.504402926285428,55.071862209806206,8.608699927344453,-8.252682959910496,59.000165945878784,8.87855620689257,5.065605441430247,5.735359087860346,9.525339781828121,4.963019791769814,1.732882414490652,-0.08701339118573148,0.042979292304992645,-0.9952795839297224,-0.07932513591650485,0.04887465764268062,-0.9956499337880451,-0.0667497604805711,-0.21925356097460347,0.9733819114179914,-0.07470203873988274,-0.21922788914790203,0.9728097131648412
23,54.41137571980667,56.749068122204825,55.76615088877075,58.23512953686835,178.35500437816444,141.65204389364803,84.19309260224682,89.3216474170219,2.608508506582455,1.983342336579665,4.721582049263545,2.869474106649548,175.74649587158197,139.66870155706837,79.47151055298328,86.45217331037234,6.5069317302904155,10.089350783007815,56.3360753620144,7.678153148449981,7.556427298238956,59.61407362499471,-0.8401871786449014,2.5016594489459756,5.092812251193362,-0.6600071899121327,1.344036094225231,1.0620685036172535,0.03541266549845298,-0.16787157306379064,0.9851726133421406,-0.032741750777269624,0.17324124855539846,-0.9843350281052717,0.19298451326603813,0.18094581330465942,0.9643731592526754,-0.1845649361098553,-0.18282749710786628,-0.9656655169674633,51.9,55.5,52.4,55.4,57.3,58.3,60.5,61.5,0.9,0.95,0.87,0.9,1.53,-1.527,-0.601,-1.344,198.1,163.9,177.6,115.1,22.4,24.2,98.1,28.6,175.7,139.7,79.5,86.5,6.53659666598002,10.081106738025177,56.33360426688723,7.628361079596082,7.426644081853273,59.59288822942951,-0.5996395057330888,2.253245611150672,5.091285319793381,-0.6521455990629411,1.490293170647726,1.0328753837076075,0.03541266549845298,-0.16787157306379064,0.9851726133421406,-0.032741750777269624,0.17324124855539846,-0.9843350281052717,0.19298451326603813,0.18094581330465942,0.9643731592526754,-0.1845649361098553,-0.18282749710786628,-0.9656655169674633
24,54.587087170827516,56.745827333302614,52.88273127813339,55.37986872483975,17.298552425932137,31.818586101571487,27.628715833061555,23.45585303097736,3.018654064093819,4.733303076229885,6.644956376717091,5.546090054858862,14.279898361838319,27.085283025341603,20.983759456344465,17.909762976118497,-4.640587677860733,5.741383278696346,51.102206292089264,-6.147708860711884,6.207764400782994,54.886708054268915,-6.574390302567889,-2.0965703893372707,3.082923264836655,-6.183380127059235,0.15857475745002464,-0.46067723789968096,0.13848985185656923,-0.2881317617863215,-0.9475234291470876,0.1462742929417363,-0.2932520052534382,-0.9447788591195468,0.06451009864771232,-0.18869839637753094,0.9799139566191568,-0.06486071307912628,0.19379804753575758,-0.9788949916462927,50.5,50.5,45.5,49.3,59.0,63.8,62.6,63.2,0.86,0.79,0.73,0.78,0.889,0.95,-0.094,0.623,15.6,34.3,98.1,85.9,1.3,7.2,77.1,68.0,14.3,27.1,21.0,17.9,-4.557691427069317,5.561650414666169,51.16897723865302,-5.941705335079323,6.126514810160295,54.943821552216804,-6.161996373784376,-2.427032531141801,2.9921385090439423,-5.823732389278888,-0.05241185407464491,-0.5262775348134457,0.13848985185656923,-0.2881317617863215,-0.9475234291470876,0.1462742929417363,-0.2932520052534382,-0.9447788591195468,0.06451009864771232,-0.18869839637753094,0.9799139566191568,-0.06486071307912628,0.19379804753575758,-0.9788949916462927
25,59.336454813889674,61.94424718642696,58.175036390877395,61.04063740604036,82.36981617823028,119.57369824542988,69.50685083223877,55.86760893076929,2.4400739079072693,1.9910421404423617,5.404937454532797,4.263786306679419,79.929742270323,117.58265610498752,64.10191337770597,51.60382262408987,-5.672218979434765,-2.5787638033239926,54.28738201212819,-6.5279769601321505,-3.2399903874094806,58.28780737420705,-5.068486876845653,4.740609515782037,1.4175169360939035,-2.7595352627657226,5.359944955302106,-2.2133325895804346,-0.06011562105573252,0.1614733317742727,-0.9850444026696461,-0.06035493536368055,0.16793989822986388,-0.9839479012426362,0.19675138232232103,0.17754122506152814,-0.9642447858079957,0.1942560119881127,0.1755287619453435,-0.9651187779420773,57.9,61.2,52.9,57.5,61.2,63.0,65.1,65.8,0.95,0.97,0.81,0.87,-1.17,1.183,-1.463,-1.453,118.7,146.0,162.4,138.1,38.7,28.4,98.3,86.5,79.9,117.6,64.1,51.6,-5.5534765292253265,-2.369405000144039,54.31445448446898,-6.44373575185326,-3.2079010026347587,58.28811706065723,-4.584192617185238,4.362535842838993,1.4467231111187793,-2.3869187414700654,5.389813440501926,-2.1329012691769433,-0.06011562105573252,0.1614733317742727,-0.9850444026696461,-0.06035493536368055,0.16793989822986388,-0.9839479012426362,0.19675138232232103,0.17754122506152814,-0.9642447858079957,0.1942560119881127,0.1755287619453435,-0.9651187779420773
26,52.18301836627783,54.36409828883366,52.700918595597344,55.22196958610746,28.239604220835858,44.5275876544619,40.191446631138646,52.33774243843033,2.7007908735178368,4.344595100939179,5.721292789655598,6.564583456726102,25.538813347318023,40.182992553522716,34.47015384148305,45.77315898170423,5.974399659065729,-2.138376857313266,54.743035513592275,5.837223340266272,0.2818284348183718,58.7230891859341,-6.027291070008334,-8.917978574392736,4.250619719077544,-5.793470573907795,-8.10168433432266,0.25336572797855694,-0.024811749009183766,0.008982496713517085,-0.9996517853052117,-0.031311409975157314,0.0007427519020705153,-0.9995094016191041,-0.009540582548948715,-0.12140026846054416,0.9925577827523868,0.009958961746965266,0.11147305474825228,-0.9937175540091939,49.2,50.9,45.7,48.2,55.6,59.2,61.2,64.4,0.88,0.86,0.75,0.75,-1.034,-0.248,0.204,-0.301,45.8,142.1,61.1,118.1,20.2,101.9,26.7,72.3,25.5,40.2,34.5,45.8,6.177447329624504,-2.085773661850134,54.73846846346988,6.376707672537121,0.43025012855406064,58.70629917417394,-5.924192641327737,-8.97573395460039,4.244546622178297,-5.399819360847248,-8.019057691347145,0.26657974600169915,-0.024811749009183766,0.008982496713517085,-0.9996517853052117,-0.031311409975157314,0.0007427519020705153,-0.9995094016191041,-0.009540582548948715,-0.12140026846054416,0.9925577827523868,0.009958961746965266,0.11147305474825228,-0.9937175540091939
27,69.61550682390859,72.67356232983784,70.80886371677815,74.27668216970724,55.69695102797131,46.321108881306984,60.017211849979645,50.36450755998558,3.7636863106315133,3.4175432976161173,3.535961780076645,3.9975201454823095,51.933264717339796,42.90356558369086,56.481250069903,46.36698741450327,4.960004199778502,0.08224978168284541,56.742941667950376,3.4301362005953515,-1.066841846444176,60.503505725878824,6.885674395478322,-5.736359136844967,3.4559184118418664,5.889672046562003,-3.967142294555309,-0.07232164735453625,0.15485757517449356,-0.30930495661946,0.9382694576835113,0.1520794471228036,-0.31008752827859587,0.9384655382958356,-0.21335593471116132,0.10474744097989952,-0.9713429974688086,0.21746647341776243,-0.10212307141632748,0.9707106732820742,65.6,68.6,68.2,70.4,74.2,77.2,74.1,78.8,0.88,0.89,0.92,0.89,0.37,0.288,0.43,-1.286,88.6,60.2,120.7,97.6,36.6,17.3,64.2,51.2,51.9,42.9,56.5,46.4,4.906552081184831,0.12558505583519775,56.76604940143525,3.4442066722322613,-1.1182419643170611,60.48424197637071,6.864521725675492,-5.569846387485837,3.4785209652967497,5.855663015488229,-3.757021254951589,-0.04259700253536065,0.15485757517449356,-0.30930495661946,0.9382694576835113,0.1520794471228036,-0.31008752827859587,0.9384655382958356,-0.21335593471116132,0.10474744097989952,-0.9713429974688086,0.21746647341776243,-0.10212307141632748,0.9707106732820742
28,64.95720294504885,68.04424487443222,65.649927071982,68.76312398894122,84.7137448279841,62.94647679986029,63.40572724072877,55.38062236410319,5.014149525827185,4.661181708143534,3.2499210041602797,1.884658543769042,79.69959530215692,58.285295091716755,60.155806236568495,53.49596382033415,-0.009183477558756266,-6.668650365940355,57.96240256821738,-2.1255516553800504,-7.328753239770298,61.25407576857881,5.027475260054084,2.1669039755871156,8.222265988284834,4.309349088371444,3.4260574170980242,4.1298705898822625,-0.06807162504773392,0.09778782504334582,0.9928765256247387,0.0727694465104066,-0.09725556235507504,-0.9925955688222505,0.057339050581955174,0.014149988161345162,0.9982544821403978,0.055940103691502985,0.010308542377737817,0.9983809086481125,59.6,63.0,61.8,66.7,71.4,74.0,69.9,71.0,0.84,0.85,0.88,0.94,-1.21,-0.667,-1.252,-1.218,140.0,119.1,81.5,63.0,60.3,60.9,21.3,9.5,79.7,58.3,60.2,53.5,-0.01038556408540977,-6.864915816360958,57.98165022192985,-2.2145564469779573,-7.475724223053742,61.261950996368746,5.0382437748070075,2.2629392575308658,8.220286177975893,4.238629289656796,3.4193902780883394,4.133901918329447,-0.06807162504773392,0.09778782504334582,0.9928765256247387,0.0727694465104066,-0.09725556235507504,-0.9925955688222505,0.057339050581955174,0.014149988161345162,0.9982544821403978,0.055940103691502985,0.010308542377737817,0.9983809086481125
29,61.292413300847834,63.9917308750778,60.20762964496646,63.18716542328505,45.16702597814666,9.742848575863688,25.12723349999108,20.93474346822949,3.3080941438200426,3.1349060947349714,6.685509798745564,5.953026542965215,41.85893183432662,6.607942481128717,18.441723701245515,14.981716925264275,4.89755114376141,5.684073945105834,55.657009589334166,4.164532147894107,6.911740240004161,59.60121243647458,1.6103060493840449,-1.6424224277485528,4.7362208240966215,1.9209832483760862,-1.5589472724115434,0.9732437769644525,0.2861419056540696,0.08089442493706145,-0.9547664121882166,0.28965712958579426,0.07353742024570742,-0.9543013125337954,0.027337358556214063,-0.028376935307034473,0.9992234076370256,-0.02478848489368001,0.033337934859478335,-0.9991366839006468,57.9,62.0,53.1,56.6,65.3,66.6,69.3,71.4,0.89,0.93,0.77,0.79,-0.525,-0.313,-0.624,-1.356,76.9,60.0,108.1,86.7,35.0,53.4,89.6,71.7,41.9,6.6,18.4,15.0,4.857259296375873,5.764994813729802,55.6517903662898,4.144750234268255,6.826309309911456,59.588624858139504,1.324343763027289,-1.7645578616650681,4.740575830410009,1.7267598767775503,-1.7437371981600966,0.9718966025326538,0.2861419056540696,0.08089442493706145,-0.9547664121882166,0.28965712958579426,0.07353742024570742,-0.9543013125337954,0.027337358556214063,-0.028376935307034473,0.9992234076370256,-0.02478848489368001,0.033337934859478335,-0.9991366839006468
30,57.72229923059204,60.439919784477574,56.144068862985954,58.79567048871931,32.40585582220262,35.85752499899361,36.489462605625874,45.851035767425635,2.2604077660600495,2.0794035404922546,3.328486030113364,3.319121825683476,30.145448056142566,33.77812145850136,33.16097657551251,42.53191394174216,-4.340862463606583,1.4297730516289056,54.65738490443192,-5.162715451866767,1.7957051225119223,58.63476421157929,8.422612343455373,6.779919213662484,2.353152347006775,8.76817621175153,5.724138654098342,-1.3365901234146165,-0.04609537502123669,-0.14629962337524216,0.9881657940861512,-0.05130976464741305,-0.14411695664026825,0.9882295334893478,0.09314459098886861,-0.22360997302498142,-0.9702178441635071,-0.10069310943816712,0.215118426129714,0.9713830142900111,55.2,58.8,53.1,56.3,60.5,62.4,59.9,62.1,0.91,0.94,0.89,0.91,-1.19,-1.226,-1.564,-0.741,42.4,56.1,72.8,103.9,12.2,22.3,39.7,61.4,30.1,33.8,33.2,42.5,-4.31464653069056,1.364513440738641,54.64894601362486,-5.128271882487473,1.7056482158123525,58.62341924009283,8.509151779197074,7.010469716883945,2.3083245676360744,8.903161864106591,5.956850619487532,-1.3741329938729387,-0.04609537502123669,-0.14629962337524216,0.9881657940861512,-0.05130976464741305,-0.14411695664026825,0.9882295334893478,0.09314459098886861,-0.22360997302498142,-0.9702178441635071,-0.10069310943816712,0.215118426129714,0.9713830142900111
31,55.72834912693173,58.181797370077696,55.221686947748495,57.88506386682539,63.905319080543265,73.0571772715534,35.79067234935955,25.68450608862979,2.2966208624875253,2.719563726672723,3.4700877244335175,3.7422783770872456,61.60869821805574,70.33761354488068,32.320584624926035,21.942227711542543,2.1661036858240585,5.545367703422419,58.36353262810716,4.326899195416007,4.083901817993977,61.53406013559849,-0.8538888318653725,7.634766141529939,1.4696123310372966,0.42444266633310795,6.011398619697084,-2.4233962250494647,-0.0967755385650085,0.23302466768816388,-0.9676435290871703,-0.09571925137194312,0.24046646175716924,-0.9659263458912293,0.27097388938109385,-0.1388449463773691,-0.952520462845365,-0.2622999655071699,0.1355427071901789,0.9554197520579606,53.8,57.0,52.0,55.2,58.0,59.9,59.2,61.5,0.93,0.95,0.88,0.9,-1.266,-1.264,-0.349,-0.673,87.7,123.3,83.3,86.5,26.1,53.0,51.0,64.6,61.6,70.3,32.3,21.9,2.1263659283938825,5.303631154724044,58.309292678710335,4.212053996960791,3.85054119682343,61.48734590458234,-0.9258915462477975,7.727680142463742,1.4355852457369527,0.2952920852399078,6.0135414801567695,-2.4591570955990005,-0.0967755385650085,0.23302466768816388,-0.9676435290871703,-0.09571925137194312,0.24046646175716924,-0.9659263458912293,0.27097388938109385,-0.1388449463773691,-0.952520462845365,-0.2622999655071699,0.1355427071901789,0.9554197520579606
32,58.82186312963013,61.77537606862463,60.621483529926564,63.99215138390386,53.26908796280676,63.9341143663008,65.13916374263799,73.7666450004826,6.9385345194976935,5.897999353724208,2.1344084852896485,3.0823582697502925,46.330553443309064,58.03611501257659,63.00475525734834,70.68428673073231,-2.614392527378798,-3.976162346268658,54.8774966026842,-2.054877550653671,-3.2373773772653847,58.646170174763725,2.577960779030808,-2.8825154445689685,2.1336100252286654,0.996466724349631,-2.3701917991994232,-1.5263017516626107,0.05036710639915576,-0.012805149202694377,0.9986486783383197,-0.0576355196434747,0.01208225124787543,-0.998264577193947,-0.05571201681382261,0.11351759799024752,-0.9919727446503059,-0.05630644219510376,0.12115156431746865,-0.9910357627405582,50.8,54.4,58.9,60.4,68.9,70.5,62.7,68.0,0.74,0.77,0.94,0.89,-0.022,-0.416,-1.302,-1.272,97.3,79.6,86.5,87.5,51.0,21.6,23.5,16.8,46.3,58.0,63.0,70.7,-2.1958248550835355,-4.068415165055986,54.85520312342808,-1.77942474762839,-3.297506707610072,58.629538949439805,2.6393884729675103,-2.921217278641258,2.1257311797651295,1.059027240159068,-2.342882490285099,-1.5265176818840678,0.05036710639915576,-0.012805149202694377,0.9986486783383197,-0.0576355196434747,0.01208225124787543,-0.998264577193947,-0.05571201681382261,0.11351759799024752,-0.9919727446503059,-0.05630644219510376,0.12115156431746865,-0.9910357627405582
33,44.48521586024558,46.550436463348845,47.907715085479296,50.08112536425119,16.02253139419576,30.909716132837374,36.17113861953187,45.13683511951094,7.895028056539126,8.166628060792496,3.1624030261584677,3.168420158838608,8.127503337656632,22.743088072044877,33.0087355933734,41.968414960672334,-0.9319036381340206,-3.9019152016553305,55.19153889976274,-0.5531797479517131,-3.70440147227941,58.61429878330849,-0.7623540698954082,3.7736807388433693,2.6884526827563784,-1.462197673553096,3.681983738282754,-1.8315841448886916,0.05114538492548664,-0.01988134772885941,-0.9984933057428618,0.054281315643427364,-0.0185304465413334,-0.9983537255517193,0.018457917400899373,0.3751750283336669,0.92677019988779,0.018542832235936137,0.373833765045866,0.9273103469088986,36.3,36.9,44.6,47.3,56.6,59.6,51.8,53.5,0.64,0.62,0.86,0.88,0.799,0.907,-1.187,-1.287,103.1,59.8,58.0,81.9,95.0,37.1,25.0,39.9,8.1,22.7,33.0,42.0,-1.295683341165954,-4.848512057846536,55.191753190951374,-0.3966322707148767,-3.7285424162540926,58.6232584789233,-0.7223379697556617,3.860494480780679,2.6525117753273304,-1.2939782145963592,3.7171908867975434,-1.8491412509280432,0.05114538492548664,-0.01988134772885941,-0.9984933057428618,0.054281315643427364,-0.0185304465413334,-0.9983537255517193,0.018457917400899373,0.3751750283336669,0.92677019988779,0.018542832235936137,0.373833765045866,0.9273103469088986
34,62.60861804287203,65.41334763509519,61.18293117623997,64.35649750769247,28.949945194347748,27.130467390992465,86.37570229312053,77.87473612126368,1.4397624574197923,1.2658775003298015,5.6436629126052065,5.789158448319816,27.510182736927955,25.864589890662664,80.73203938051532,72.08557767294387,5.790936753686561,-6.755276055038224,55.15076653021556,6.809102717864165,-5.404308137100534,59.01954548039362,-6.747914869873193,0.6360703595742762,3.5780606778843316,-5.196650499239032,1.2855903373487232,-0.02902796259294928,-0.03701220253592204,-0.025552119710419707,-0.9989880810308721,-0.03862889335608785,-0.026128245167671427,-0.998911969796409,0.28587202667873696,-0.0745907327503873,-0.955360354499993,0.2816804575281903,-0.07724273984378649,-0.9563941023386409,62.3,64.3,55.1,59.4,63.1,66.6,68.6,71.0,0.99,0.96,0.8,0.84,-0.076,0.507,-1.176,-1.407,43.6,33.5,140.5,196.8,16.0,7.6,59.7,124.7,27.5,25.9,80.7,72.1,5.831708987415666,-6.703190155105656,55.147923678156715,6.772667104503495,-5.3489799266849944,59.019507277203836,-6.455130300532053,0.7980599900710926,3.6530229605913345,-5.04198502396412,1.2339939684574397,0.020691798980369616,-0.03701220253592204,-0.025552119710419707,-0.9989880810308721,-0.03862889335608785,-0.026128245167671427,-0.998911969796409,0.28587202667873696,-0.0745907327503873,-0.955360354499993,0.2816804575281903,-0.07724273984378649,-0.9563941023386409
35,48.154085810328425,50.458384082480634,50.399598747653016,53.24706233345054,77.72395614009645,57.052029615100025,15.380392084365603,10.941927119548598,5.799357285071121,5.466116679627913,3.4257795029262983,3.4148566028589835,71.92459885502532,51.58591293547211,11.954612581439305,7.527070516689614,3.9417255268772715,5.204791198469283,55.36068442794222,4.310639154479587,3.997833219612332,59.291306542678775,-4.135681004633108,7.009477031686608,5.825745666746062,-2.944655351834275,6.304198532353804,2.157939934886124,-0.22333231824175578,0.012372777921509703,0.9746638343527821,-0.22838311100245282,0.011199893018299711,0.9735069167731782,0.014875008601088735,-0.0635106929802688,0.997870295176825,0.02390600414330248,-0.06503263978602378,0.9975967415385647,44.3,45.0,46.3,49.4,54.3,57.8,55.1,57.7,0.82,0.78,0.84,0.86,1.508,1.467,-0.468,-0.513,214.2,139.0,31.3,29.5,142.3,87.4,19.4,21.9,71.9,51.6,12.0,7.5,3.6896837432039664,5.418099534329302,55.300224307813636,4.328430658803961,4.321362292441725,59.29175829920504,-3.7869762098599926,6.6441684265486565,5.797297090189901,-2.7194680647558562,5.9591747527142305,2.1300517770379734,-0.22333231824175578,0.012372777921509703,0.9746638343527821,-0.22838311100245282,0.011199893018299711,0.9735069167731782,0.014875008601088735,-0.0635106929802688,0.997870295176825,0.02390600414330248,-0.06503263978602378,0.9975967415385647
36,61.2814998193935,63.9463793580541,61.88093068832615,65.01452519583347,34.6048059224542,35.24887838090995,51.20747629117381,81.8560052173817,2.9324475624677775,2.5469301521407273,4.533539562951959,3.4568005668514137,31.672358359986422,32.701948228769226,46.673936728221854,78.3992046505303,-0.39948296020802987,-2.7115696348679785,57.73161651275135,0.3489506193076787,-2.3314886100577015,61.44746257485591,1.850552558951126,2.2218266579576276,3.9092253734783307,1.9958507553933962,4.206986322050307,0.07890641939463931,-0.13435555566752339,-0.06227761150189959,-0.9889742583944687,0.1332952346993006,0.0665988673504675,0.9888361700878932,-0.09017338956535172,0.2055204886778621,-0.9744896554340167,-0.08032726492838152,0.20801366700766066,-0.9748219554601503,59.2,61.1,55.9,61.1,63.9,67.1,68.5,69.5,0.93,0.91,0.82,0.88,-0.841,1.452,-1.043,-1.159,80.1,47.7,50.4,106.4,48.4,15.0,3.7,28.0,31.7,32.7,46.7,78.4,-0.4002532894889609,-2.76390627429969,57.73501690349751,0.30091084607745555,-2.3187922120408184,61.45308323001436,1.9002388982181346,2.1571401175392393,3.8909852670540594,2.08313169235659,4.186784712964043,0.06740354990209096,-0.13435555566752339,-0.06227761150189959,-0.9889742583944687,0.1332952346993006,0.0665988673504675,0.9888361700878932,-0.09017338956535172,0.2055204886778621,-0.9744896554340167,-0.08032726492838152,0.20801366700766066,-0.9748219554601503
37,57.884644806112036,60.72333190150549,56.00636340429796,58.66714852715156,35.93115889432114,21.82231423216592,35.942011358757746,30.0371174621823,2.7124237412053156,2.8302524812126646,5.812748014060459,6.010265391024681,33.21873515311583,18.992061750953255,30.129263344697286,24.02685207115762,-1.3626381266636716,-0.9928053588834629,54.26682952316248,-1.497379236301438,-0.7207690504530043,58.30320409704709,-7.096440890417172,-2.5821667420579675,6.023339855073019,-7.291087030797927,-3.4284564597762532,2.370849435971845,-0.04953442692724249,0.08561563497084124,-0.9950961278175737,-0.04898272328150823,0.08157838663510641,-0.9954625355350848,-0.05458446029356744,-0.17797256692056437,-0.9825203825459119,-0.051967869772857236,-0.19488408852962585,-0.9794485859652093,56.2,58.9,48.9,51.7,60.1,63.0,64.5,67.0,0.93,0.93,0.76,0.77,0.605,0.509,1.332,1.42,77.6,63.0,57.0,62.2,44.4,44.0,26.9,38.2,33.2,19.0,30.1,24.0,-1.2895518942242956,-0.9895379358024714,54.26347251870334,-1.4309822490663389,-0.7424975422455514,58.29815631234648,-7.486353840643075,-2.818729499773283,6.087852378481147,-7.687599355004397,-3.5707730492275807,2.420204900197589,-0.04953442692724249,0.08561563497084124,-0.9950961278175737,-0.04898272328150823,0.08157838663510641,-0.9954625355350848,-0.05458446029356744,-0.17797256692056437,-0.9825203825459119,-0.051967869772857236,-0.19488408852962585,-0.9794485859652093
38,50.72641161797421,53.24641069712264,52.30413693387203,54.45871960302145,57.49522084337426,34.058189251750484,10.785011715585323,5.836243142588405,3.387182422635466,3.333016749908313,3.9123287084788365,4.851158714746865,54.108038420738794,30.72517250184217,6.872683007106486,0.9850844278415393,-3.364473544580883,-0.9213978843203516,55.92508447674681,-0.9619100324159757,-1.3236004247625355,59.38785653847569,3.576629104020107,2.477528475209468,5.390056995795198,2.5100008361380426,2.066543751075142,1.6177115993478257,-0.13926435062014714,0.11934192378372499,-0.9830376116273212,-0.13701531688219215,0.1255254723142124,-0.9825834105764083,-0.03641602316649604,-0.10305521308012544,0.9940088009236876,-0.047207350081203296,-0.09856370012178883,0.9940103938674953,47.4,50.0,47.1,48.8,54.8,57.2,58.1,61.2,0.86,0.87,0.81,0.8,-0.9,-0.866,1.404,1.416,93.0,65.1,10.5,29.7,38.9,34.4,3.6,28.7,54.1,30.7,6.9,1.0,-3.348915098163442,-0.9212664471726999,55.92289630922455,-0.9987920065400273,-1.3593016865231788,59.38843865458001,3.4944775405229382,2.492839459806872,5.388634718187584,2.4827943282078824,2.14895602284602,1.6245913174463729,-0.13926435062014714,0.11934192378372499,-0.9830376116273212,-0.13701531688219215,0.1255254723142124,-0.9825834105764083,-0.03641602316649604,-0.10305521308012544,0.9940088009236876,-0.047207350081203296,-0.09856370012178883,0.9940103938674953
39,55.567491160042756,58.16533452100948,56.62330749187578,59.63409898878402,7.181968340265825,15.478186445287662,19.766296269139744,13.653537414273995,5.2031601130915925,5.207765727528721,4.312444380245064,4.274525875876509,1.9788082271742322,10.27042071775894,15.453851888894679,9.379011538397485,-3.151771813025615,-2.4612917580844647,51.643210993911794,-5.157108319175201,-3.5373070264201196,55.35321219516049,1.4217583586489888,0.9005650742533722,4.5306901505419654,1.7047667558221145,0.8215293987597622,0.540363135659943,-0.04957068010697737,0.16074108963000816,-0.9857510080026748,0.05653058119352549,-0.16172666218398396,0.9852150933317809,0.10992921767104752,0.12260440933837269,-0.9863486837386768,0.12332603298104355,0.12960476562079526,-0.9838665022845003,50.9,52.5,50.9,54.4,61.7,65.2,63.0,65.5,0.83,0.81,0.81,0.83,1.53,-0.879,-1.223,-1.174,83.4,67.1,17.8,27.9,81.4,56.8,2.3,18.5,2.0,10.3,15.5,9.4,-3.1467764044641777,-2.4204072913671677,51.64962659772851,-5.019643508937835,-3.5863416763613056,55.33727539517742,1.3922922702666654,0.9597137045038592,4.534758386144136,1.7151330915475809,0.8768995579168918,0.5489564514623266,-0.04957068010697737,0.16074108963000816,-0.9857510080026748,0.05653058119352549,-0.16172666218398396,0.9852150933317809,0.10992921767104752,0.12260440933837269,-0.9863486837386768,0.12332603298104355,0.12960476562079526,-0.9838665022845003
40,55.85353956648918,58.26692685323538,58.23159738426916,60.46518410410552,59.10083066525702,55.9116817885438,84.87589253628626,81.70859475832364,4.298895337011677,4.040309050910292,3.1613678415339277,2.9244768728663315,54.80193532824534,51.87137273763351,81.71452469475233,78.7841178854573,4.025554097929188,-8.968946156653816,55.867707703467566,3.2684599250835604,-7.7660598898168,59.53542894780153,-1.931878349806734,4.655394963204974,4.236212610509513,-3.8962529318584154,4.63995146959116,0.2022941065741147,0.1051390834776951,-0.24599629738716178,-0.9635515527449882,-0.11108221927058534,0.24374867463165661,0.9634559274700801,0.0344560994606379,-0.18215633385464863,0.9826656843741886,0.03869964312226311,-0.17128798351820274,0.9844606464071977,52.6,54.3,54.8,57.5,60.4,63.2,62.2,63.9,0.87,0.86,0.88,0.9,-1.436,-0.926,-1.338,-1.056,149.7,115.8,108.8,106.5,94.9,63.9,27.1,27.7,54.8,51.9,81.7,78.8,4.2333173367425685,-8.900854491778327,55.872994124367814,3.2340268557415515,-7.658957092640978,59.5043625899471,-1.8240622043389283,4.443004597733167,4.193061440354326,-3.799095364269324,4.462297914084629,0.16756454922242753,0.1051390834776951,-0.24599629738716178,-0.9635515527449882,-0.11108221927058534,0.24374867463165661,0.9634559274700801,0.0344560994606379,-0.18215633385464863,0.9826656843741886,0.03869964312226311,-0.17128798351820274,0.9844606464071977
41,59.92799061201251,62.90039735645993,60.67612350764863,63.78806550550555,17.05956697883099,18.96434128164536,64.65827543219152,79.42115383081334,2.241806809407645,3.6537560148682084,5.703776452085614,6.651647583612588,14.817760169423345,15.310585266777153,58.954498980105896,72.76950624720075,-4.668314035168788,-2.677390428176533,55.0362564485091,-4.051902822617813,-3.8537878621193884,59.279528713993535,-0.6284919519866254,12.480286952567244,3.071070298981051,-0.7990080547515098,10.548791230479075,-0.42250809217415713,-0.19113561927013797,0.23052069094368233,0.9541107829246396,0.18619924056952697,-0.22845638941621726,-0.9555822941778674,0.0018128307559204804,0.21981235905070365,0.9755404863219234,-0.0007786408210370035,0.22037333339647444,0.9754152898361795,59.1,60.0,53.1,55.2,61.1,66.6,69.3,73.9,0.97,0.9,0.77,0.75,0.335,1.074,-1.478,-1.452,52.1,75.8,61.9,87.2,37.3,60.5,2.9,14.5,14.8,15.3,59.0,72.8,-4.7296187076147715,-2.7255393811666706,55.03560853986822,-4.143952931264386,-3.9392396283216313,59.282021792471426,-0.6048380094908644,12.292531488149939,3.113332092870524,-0.7742577645008635,10.526344163037752,-0.41741692053158874,-0.19113561927013797,0.23052069094368233,0.9541107829246396,0.18619924056952697,-0.22845638941621726,-0.9555822941778674,0.0018128307559204804,0.21981235905070365,0.9755404863219234,-0.0007786408210370035,0.22037333339647444,0.9754152898361795
42,58.180744748855005,60.720983335384695,58.38906457317043,61.361505494103056,12.158854333012886,11.334764711879144,22.403507483559228,34.033054834531086,6.468904211903287,7.63405671082583,1.8960305129603061,1.3136525863061443,5.6899501211096,3.7007080010533135,20.507476970598923,32.719402248224945,-0.5282286508287033,3.602686024786597,57.87509093491013,0.5145449544846867,5.149089783766579,61.414163130169214,2.0875570492791367,7.151891633995079,4.234876123342191,0.8916454484241365,7.982896823506539,0.18444004011879847,0.20387653457643812,-0.08421304655432371,0.9753678903055716,0.19988926937121912,-0.08930071735646716,0.9757405709869096,-0.31518189740189917,-0.06763355068741927,-0.9466182305298958,0.3081971417246795,0.07248734601738749,0.9485568546482037,49.6,50.9,56.4,60.5,68.4,72.7,60.6,62.4,0.73,0.7,0.93,0.97,0.839,0.792,0.865,0.063,6.6,18.8,30.9,42.9,0.9,15.1,10.3,10.2,5.7,3.7,20.5,32.7,-0.5266451213720734,3.5626652077935255,57.87130454880977,0.4470559855340932,5.153344380186413,61.42837823981919,2.1402059155405406,7.174866464423118,4.215704890064274,0.926573479238823,7.974091322540054,0.17376442081551535,0.20387653457643812,-0.08421304655432371,0.9753678903055716,0.19988926937121912,-0.08930071735646716,0.9757405709869096,-0.31518189740189917,-0.06763355068741927,-0.9466182305298958,0.3081971417246795,0.07248734601738749,0.9485568546482037
43,61.82696642360612,64.54141935155572,60.643305111097604,63.912547940897475,4.8978756987981695,4.260117285876625,27.395977194920413,27.11404442395036,0.700928893109716,1.4464949713152668,6.281986712909118,5.143676539837452,4.196946805688453,2.813622314561358,21.113990482011292,21.970367884112907,3.575112692437299,-2.063647328899806,56.774101606779,1.4124134045445067,-1.528732489731943,59.61985677505521,-4.59717322441109,4.264791419655904,2.8613006158367935,-5.181066097767439,3.35987129827497,-1.7069112050865012,0.3613547100148357,-0.12340307226670022,-0.9242264091147981,0.36450064869750437,-0.1141101810921391,-0.9241851241338053,0.030210174269700917,-0.1026644050599872,0.9942571927344921,-0.03040358552299766,0.10837437934517746,-0.9936451156670036,60.9,63.2,52.5,57.0,62.8,66.0,70.2,71.7,0.97,0.96,0.75,0.79,0.401,0.497,0.169,0.341,4.7,12.1,28.2,22.5,0.5,9.2,7.1,0.6,4.2,2.8,21.1,22.0,3.55612295472784,-2.051296089604474,56.765027843082244,1.4161890102413688,-1.536314008907119,59.62228198099419,-4.605747299078769,4.249407501410035,2.859972632962805,-5.1637902180838084,3.337732093648649,-1.7098544805073808,0.3613547100148357,-0.12340307226670022,-0.9242264091147981,0.36450064869750437,-0.1141101810921391,-0.9241851241338053,0.030210174269700917,-0.1026644050599872,0.9942571927344921,-0.03040358552299766,0.10837437934517746,-0.9936451156670036
44,60.158084857898665,62.45531128088926,62.13413398977892,64.64409088790077,15.396218718078542,42.41867718538086,48.323248867169056,57.83112015364848,2.646004595270599,2.8682072487485812,2.6810137151480258,2.5276326536656843,12.750214122807943,39.550469936632275,45.64223515202103,55.30348749998279,2.0793212814675064,2.0971364193033195,58.2297115812794,1.7043796405089837,-0.14665347778641918,62.089864796757944,2.215551849749599,8.809694279591591,5.274680076138552,4.221212526235147,10.391755225072885,1.1826909169364423,0.1791189367443292,0.045945999076585364,-0.9827539731125158,0.1771058510837726,0.04384020833116631,-0.9832149071517235,0.052675748890743855,0.0782033567820487,-0.9955448259454814,0.060328231014500015,0.08658420451757554,-0.994416250908401,56.9,59.1,58.5,61.5,63.7,66.2,66.0,68.1,0.89,0.89,0.89,0.9,0.848,1.209,0.301,0.277,22.4,55.7,46.1,63.2,9.6,16.1,0.5,7.9,12.8,39.6,45.6,55.3,2.134422878633214,2.1078797967321607,58.240256799096066,1.74111611927625,-0.11181917246833462,62.098035328430804,2.225409605027421,8.589968746912826,5.257941493253813,4.181996597600429,10.256387576740206,1.1685252918900344,0.1791189367443292,0.045945999076585364,-0.9827539731125158,0.1771058510837726,0.04384020833116631,-0.9832149071517235,0.052675748890743855,0.0782033567820487,-0.9955448259454814,0.060328231014500015,0.08658420451757554,-0.994416250908401
45,62.49656477899716,65.1931124084131,62.301847927341456,64.99537511710749,24.567862847342276,20.808188410791782,35.58676676895566,18.363956977272423,3.9301280263993323,2.2283096931447846,3.1995227139576725,4.338513927113707,20.637734820942942,18.579878717647,32.38724405499799,14.025443050158717,9.878414819698135,1.0186686655170358,55.55571158275005,9.518734012416223,-0.3248566959430583,59.184726212558296,10.16016199562287,0.20790542794648803,3.3419246637213345,9.833805923526393,0.0035423911278860964,-0.8004059485383951,0.05128686797134848,0.2608326008485572,-0.9640207526336073,0.05128773070238348,0.26096204204846973,-0.9639856748361424,0.07195221456459751,-0.11452585292324169,0.9908111363077495,0.08143414321264418,-0.12201549261326783,0.9891818335784194,60.9,64.0,61.2,61.7,65.3,66.8,64.1,69.3,0.93,0.96,0.95,0.89,-0.228,0.25,-0.048,-0.002,136.8,52.1,103.2,102.9,116.2,33.5,70.8,88.9,20.6,18.6,32.4,14.0,9.853476586255958,0.9010680475226279,55.52256594884997,9.386571108461077,-0.30526213511199846,59.1829991134293,10.009048301303878,-0.017923122804819197,3.3267954005523865,9.932211377241769,-0.27732934560671885,-0.8431526566705231,0.05128686797134848,0.2608326008485572,-0.9640207526336073,0.05128773070238348,0.26096204204846973,-0.9639856748361424,0.07195221456459751,-0.11452585292324169,0.9908111363077495,0.08143414321264418,-0.12201549261326783,0.9891818335784194
46,51.238190929904064,53.50643003030038,53.21361180965477,55.905396611010275,18.339875780511083,31.554366187524458,64.42125723586196,85.62732670487466,2.5791693180066013,3.4548632514270343,4.237375466536552,4.983862763781663,15.76070646250448,28.099502936097423,60.1838817693254,80.643463941093,-2.4798906146716178,2.94059089965062,57.708381419887075,-2.5834615578881843,5.702734878204671,61.06429509630688,2.764932777215728,3.023426229766759,5.46154879509242,5.237908371194166,3.893028589818685,2.2758008329354356,0.13083023943174657,0.31403602546110476,0.9403535628490085,0.1308611001010243,0.3152355917080164,0.9399478146157085,0.19275216699413303,0.22548675184613876,-0.954988129172789,0.1991708112562962,0.23186412137142365,-0.9521397046464171,49.1,49.5,47.5,49.4,53.9,58.1,59.6,63.4,0.91,0.85,0.8,0.78,-0.945,-0.735,-0.578,-0.601,48.6,53.6,60.9,91.3,32.8,25.5,0.7,10.7,15.8,28.1,60.2,80.6,-2.537498732406834,2.973456833488577,57.705420615027045,-2.770628941165957,5.8287414769175045,61.04809330851739,2.7510988679161557,2.981129646286603,5.448769751200856,5.188818119004057,3.7240032900003612,2.224371144890253,0.13083023943174657,0.31403602546110476,0.9403535628490085,0.1308611001010243,0.3152355917080164,0.9399478146157085,0.19275216699413303,0.22548675184613876,-0.954988129172789,0.1991708112562962,0.23186412137142365,-0.9521397046464171
47,46.80657598663538,49.11584205237433,45.58181936816614,48.22641962114987,38.40640851801872,32.17489555009069,21.138584343647967,18.505184397993077,3.362889024279685,3.1012621195301464,3.2346170255800453,2.6257330627039495,35.04351949373903,29.07363343056054,17.90396731806792,15.879451335289128,-1.175702655567136,3.5727496309716154,59.98969216405666,1.2714878639134817,2.720994142854388,63.309041218506565,5.739299733774479,-0.24885681768780282,5.243715652135031,6.254383427437574,-1.1882003430413193,0.932452409902276,0.1461267658740156,0.034362056680494524,0.9886689118991687,0.1393379395756804,0.044842028085796515,0.9892290589706495,0.011278140431942477,-0.17361851550026275,-0.9847484016863812,0.022085605351561073,-0.16915495831598404,-0.9853419843452186,44.1,45.6,43.7,47.9,50.3,53.2,48.4,49.3,0.88,0.86,0.9,0.97,0.987,0.627,-0.892,-0.803,79.2,46.5,78.5,68.3,44.1,17.4,60.6,52.4,35.0,29.1,17.9,15.9,-1.043932800088241,3.6953524517196095,59.96595521064982,1.405960374149982,2.7907242094970304,63.286939198843406,6.001724744274021,-0.23291422846025436,5.243910359174943,6.413798386438213,-1.1970384437495083,0.9375428094875962,0.1461267658740156,0.034362056680494524,0.9886689118991687,0.1393379395756804,0.044842028085796515,0.9892290589706495,0.011278140431942477,-0.17361851550026275,-0.9847484016863812,0.022085605351561073,-0.16915495831598404,-0.9853419843452186
48,56.5916961452084,59.373078466017674,55.87105566286224,58.99150468629075,36.18732346046268,34.29809728912815,35.217840588068086,37.26574277490046,5.573259075825326,6.4714101530953805,3.56707583924064,2.6136333208761164,30.614064384637352,27.826687136032767,31.650764748827445,34.65210945402434,7.396591802605623,-6.296341390750804,55.7626183016836,6.122454722513397,-7.4608914424447,59.43699178343461,3.1654246422953243,-3.3305602437424215,4.3991108465539055,5.248963314029198,-3.2963943342147566,0.654056951255711,-0.06818307970370467,-0.027467942745532214,-0.9972946303693038,-0.0753321743594271,-0.04138285971216904,-0.9962994140459601,-0.20822814413636115,-0.05269197033947215,0.9766599184215918,-0.20781059813713923,-0.05914624042372407,0.9763792693137353,49.6,52.1,52.1,56.3,64.7,68.3,60.4,62.0,0.77,0.76,0.86,0.91,1.143,1.557,0.149,0.205,48.1,76.9,67.9,55.3,17.5,49.1,36.3,20.6,30.6,27.8,31.7,34.7,7.590066209357438,-6.181554001664981,55.746229309073215,6.202943011029555,-7.228561754995056,59.421255726154975,3.0792719531440547,-3.3988232398727023,4.377059848109624,5.27062695447033,-3.3805840867562056,0.6535678244561769,-0.06818307970370467,-0.027467942745532214,-0.9972946303693038,-0.0753321743594271,-0.04138285971216904,-0.9962994140459601,-0.20822814413636115,-0.05269197033947215,0.9766599184215918,-0.20781059813713923,-0.05914624042372407,0.9763792693137353
